Meas Num,Item,Status,Date,Time Stamp,Time(s),Temp(C),Temp Std Dev(C),Intensity(Cnt/s),Intensity Std Dev(Cnt/s),Laser Power(%),Attenuation Level(%),Normalized Intensity(Cnt/s),Normalized Intensity Std Dev(Cnt/s),Set Temp(C),Temp Ramp Rate(C/sec),Laser Monitor(V),Forward Monitor(V),Static Scattering Detector(V),Normalized Static Scattering Detector,Disposable Cuvette,Acq Time(s),Sample,Mw-R Model,Conc(mg/mL),dn/dC(mL/g),A2(mol mL/g^2),RG Model,Cuvette,Solvent Name,Solv Rfr Idx,Solv Visc(cp),Cauchy Coef(nm²),Temperature Model,Amp,Diffusion Coefficient(cm²/s),Radius(nm),Diameter(nm),Pd(nm),%Pd,Pd Index,Mw-R(kDa),Baseline,SOS,Lambda(1/s),Sigma(1/s²),RMS Error,% Acqs Unmarked,# Acqs,# Acqs Unmarked,# Acqs Marked,Mw-S(Da),#Peaks,#Peaks in Range,D10(nm),D50(nm),D90(nm),Span (D90 - D10)/D50,Peak Num,Peak Diffusion Coefficient(cm²/s) (I),Peak Radius(nm) (I),Peak Diameter(nm) (I),Peak Pd(nm) (I),Peak %Pd (I),Peak Pd Index (I),Peak Mw-R(kDa) (I),Peak %Intensity (I),Peak %Mass (I)
1,Meas 1,OK,2019-07-22,16:52:44,1.73e+008,25,0.00128,1.33e+005,1.48e+003,100,0,1.33e+005,1.48e+003,25,5,1,0.889,0.0651,0.065,N,6,Default,Globular Proteins,1.02,0.185,0,Sphere,10 ul,JoshBuffer_wDTT,1.33,0.906,3.12e+003,Aqueous,0.625,7.73e-007,3.12,6.23,0.611,19.6,0.196,48.1,1,20.2,2.41e+004,1.19e+004,0.00185,100%,5,5,0,2.44e+004,3,2,,,,,1,6.87e-007,3.51,7.01,0.286,8.16,0.00665,63.4,95,100
1,Meas 1,OK,2019-07-22,16:52:44,1.73e+008,25,0.00128,1.33e+005,1.48e+003,100,0,1.33e+005,1.48e+003,25,5,1,0.889,0.0651,0.065,N,6,Default,Globular Proteins,1.02,0.185,0,Sphere,10 ul,JoshBuffer_wDTT,1.33,0.906,3.12e+003,Aqueous,0.625,7.73e-007,3.12,6.23,0.611,19.6,0.196,48.1,1,20.2,2.41e+004,1.19e+004,0.00185,100%,5,5,0,2.44e+004,3,2,,,,,2,7.46e-008,32.3,64.6,1.69,5.24,0.00275,1.14e+004,4.98,0.0084
2,Meas 2,OK,2019-07-22,16:53:21,1.73e+008,25,0.000278,1.33e+005,1.23e+003,100,0,1.33e+005,1.23e+003,25,5,1,0.89,0.0659,0.0658,N,6,Default,Globular Proteins,1.02,0.185,0,Sphere,10 ul,JoshBuffer_wDTT,1.33,0.906,3.12e+003,Aqueous,0.635,7.59e-007,3.17,6.35,0.61,19.2,0.192,50.2,1,15.1,2.38e+004,1.15e+004,0.00158,100%,5,5,0,2.48e+004,4,3,,,,,1,3.42e-006,0.705,1.41,0,0,0,1.48,4.84,89.1
2,Meas 2,OK,2019-07-22,16:53:21,1.73e+008,25,0.000278,1.33e+005,1.23e+003,100,0,1.33e+005,1.23e+003,25,5,1,0.89,0.0659,0.0658,N,6,Default,Globular Proteins,1.02,0.185,0,Sphere,10 ul,JoshBuffer_wDTT,1.33,0.906,3.12e+003,Aqueous,0.635,7.59e-007,3.17,6.35,0.61,19.2,0.192,50.2,1,15.1,2.38e+004,1.15e+004,0.00158,100%,5,5,0,2.48e+004,4,3,,,,,2,6.11e-007,3.95,7.89,0.515,13.1,0.017,83.5,95.1,10.9
2,Meas 2,OK,2019-07-22,16:53:21,1.73e+008,25,0.000278,1.33e+005,1.23e+003,100,0,1.33e+005,1.23e+003,25,5,1,0.89,0.0659,0.0658,N,6,Default,Globular Proteins,1.02,0.185,0,Sphere,10 ul,JoshBuffer_wDTT,1.33,0.906,3.12e+003,Aqueous,0.635,7.59e-007,3.17,6.35,0.61,19.2,0.192,50.2,1,15.1,2.38e+004,1.15e+004,0.00158,100%,5,5,0,2.48e+004,4,3,,,,,3,2.78e-009,867,1.73e+003,77.1,8.89,0.00791,2.52e+007,0.0786,0.00016
3,Meas 3,OK,2019-07-22,16:53:58,1.73e+008,25,7.07e-005,1.36e+005,1.76e+003,100,0,1.36e+005,1.76e+003,25,5,1,0.889,0.0693,0.0692,N,6,Default,Globular Proteins,1.02,0.185,0,Sphere,10 ul,JoshBuffer_wDTT,1.33,0.906,3.12e+003,Aqueous,0.635,7.36e-007,3.27,6.54,0.651,19.9,0.199,53.9,1,12.7,2.29e+004,1.15e+004,0.00176,100%,5,5,0,2.63e+004,4,2,,,,,1,7.16e-007,3.37,6.73,0.391,11.6,0.0135,57.6,89.6,100
3,Meas 3,OK,2019-07-22,16:53:58,1.73e+008,25,7.07e-005,1.36e+005,1.76e+003,100,0,1.36e+005,1.76e+003,25,5,1,0.889,0.0693,0.0692,N,6,Default,Globular Proteins,1.02,0.185,0,Sphere,10 ul,JoshBuffer_wDTT,1.33,0.906,3.12e+003,Aqueous,0.635,7.36e-007,3.27,6.54,0.651,19.9,0.199,53.9,1,12.7,2.29e+004,1.15e+004,0.00176,100%,5,5,0,2.63e+004,4,2,,,,,2,9.89e-008,24.4,48.7,0,0,0,5.91e+003,10.4,0.0325
4,Meas 4,OK,2019-07-22,16:54:34,1.73e+008,25,7.07e-005,1.32e+005,1.56e+003,100,0,1.32e+005,1.56e+003,25,5,1,0.889,0.0741,0.074,N,6,Default,Globular Proteins,1.02,0.185,0,Sphere,10 ul,JoshBuffer_wDTT,1.33,0.906,3.12e+003,Aqueous,0.626,7.43e-007,3.24,6.48,0.497,15.3,0.153,52.7,1,13.1,2.36e+004,9.44e+003,0.00175,100%,5,5,0,2.85e+004,4,2,,,,,1,6.28e-007,3.84,7.67,1.27,33,0.109,78.3,98.8,100
4,Meas 4,OK,2019-07-22,16:54:34,1.73e+008,25,7.07e-005,1.32e+005,1.56e+003,100,0,1.32e+005,1.56e+003,25,5,1,0.889,0.0741,0.074,N,6,Default,Globular Proteins,1.02,0.185,0,Sphere,10 ul,JoshBuffer_wDTT,1.33,0.906,3.12e+003,Aqueous,0.626,7.43e-007,3.24,6.48,0.497,15.3,0.153,52.7,1,13.1,2.36e+004,9.44e+003,0.00175,100%,5,5,0,2.85e+004,4,2,,,,,2,2.32e-008,104,208,13.5,13,0.017,1.76e+005,1.19,0.00209
5,Meas 5,OK,2019-07-22,16:55:11,1.73e+008,25,0.000158,1.31e+005,671,100,0,1.31e+005,671,25,5,1,0.888,0.0718,0.0717,N,6,Default,Globular Proteins,1.02,0.185,0,Sphere,10 ul,JoshBuffer_wDTT,1.33,0.906,3.12e+003,Aqueous,0.631,7.59e-007,3.17,6.35,0.556,17.5,0.175,50.2,1,14.2,2.4e+004,1.06e+004,0.00177,100%,5,5,0,2.75e+004,2,1,,,,,1,6.09e-007,3.95,7.91,1.38,34.8,0.121,84,100,100
6,25.0C,OK,2019-07-22,16:55:49,1.73e+008,25,0.00181,1.33e+005,430,100,0,1.33e+005,430,51,0.25,1,0.888,0.0699,0.0698,N,6,Default,Globular Proteins,1.02,0.185,0,Sphere,10 ul,JoshBuffer_wDTT,1.33,0.906,3.12e+003,Aqueous,0.634,7.6e-007,3.17,6.34,0.549,17.3,0.173,50.1,1,18.7,2.4e+004,1.05e+004,0.00194,100%,5,5,0,2.66e+004,2,1,,,,,1,6.14e-007,3.92,7.85,1.39,35.4,0.126,82.5,100,100
7,25.0C,OK,2019-07-22,16:56:26,1.73e+008,25,0.0251,1.34e+005,1.59e+003,100,0,1.34e+005,1.59e+003,51,0.25,1,0.889,0.0788,0.0788,N,6,Default,Globular Proteins,1.02,0.185,0,Sphere,10 ul,JoshBuffer_wDTT,1.33,0.905,3.12e+003,Aqueous,0.629,7.49e-007,3.22,6.43,0.602,18.7,0.187,51.8,1,14,2.35e+004,1.1e+004,0.00178,100%,5,5,0,3.07e+004,2,1,,,,,1,5.81e-007,4.15,8.29,1.75,42.2,0.178,93.9,100,100
8,25.2C,OK,2019-07-22,16:57:03,1.73e+008,25.2,0.0403,1.32e+005,521,100,0,1.32e+005,521,51,0.25,1,0.89,0.0729,0.0728,N,6,Default,Globular Proteins,1.02,0.185,0,Sphere,10 ul,JoshBuffer_wDTT,1.33,0.902,3.12e+003,Aqueous,0.625,7.56e-007,3.2,6.4,0.497,15.5,0.155,51.3,1,12.8,2.4e+004,9.67e+003,0.00172,100%,5,5,0,2.8e+004,3,2,,,,,1,6.42e-007,3.77,7.55,1.22,32.4,0.105,75.3,98.7,100
8,25.2C,OK,2019-07-22,16:57:03,1.73e+008,25.2,0.0403,1.32e+005,521,100,0,1.32e+005,521,51,0.25,1,0.89,0.0729,0.0728,N,6,Default,Globular Proteins,1.02,0.185,0,Sphere,10 ul,JoshBuffer_wDTT,1.33,0.902,3.12e+003,Aqueous,0.625,7.56e-007,3.2,6.4,0.497,15.5,0.155,51.3,1,12.8,2.4e+004,9.67e+003,0.00172,100%,5,5,0,2.8e+004,3,2,,,,,2,6.53e-009,371,742,54.8,14.8,0.0219,3.45e+006,1.34,0.00433
9,25.3C,OK,2019-07-22,16:57:39,1.73e+008,25.3,0.0376,1.33e+005,605,100,0,1.33e+005,605,51,0.25,1,0.891,0.0703,0.0702,N,6,Default,Globular Proteins,1.02,0.185,0,Sphere,10 ul,JoshBuffer_wDTT,1.33,0.899,3.12e+003,Aqueous,0.622,7.64e-007,3.18,6.36,0.544,17.1,0.171,50.4,1,14.8,2.42e+004,1.05e+004,0.00173,100%,5,5,0,2.68e+004,2,1,,,,,1,6.25e-007,3.88,7.77,1.27,32.7,0.107,80.6,100,100
10,25.5C,OK,2019-07-22,16:58:16,1.73e+008,25.5,0.0384,1.33e+005,951,100,0,1.33e+005,951,51,0.25,1,0.89,0.0684,0.0684,N,6,Default,Globular Proteins,1.02,0.185,0,Sphere,10 ul,JoshBuffer_wDTT,1.33,0.896,3.12e+003,Aqueous,0.618,7.71e-007,3.17,6.33,0.576,18.2,0.182,49.9,1,12.4,2.43e+004,1.11e+004,0.00173,100%,5,5,0,2.6e+004,2,1,,,,,1,5.96e-007,4.1,8.2,1.77,43.1,0.186,91.3,100,100
11,25.6C,OK,2019-07-22,16:58:53,1.73e+008,25.6,0.0404,1.36e+005,1.45e+003,100,0,1.36e+005,1.45e+003,51,0.25,1,0.891,0.07,0.0699,N,6,Default,Globular Proteins,1.02,0.185,0,Sphere,10 ul,JoshBuffer_wDTT,1.33,0.893,3.12e+003,Aqueous,0.602,7.68e-007,3.19,6.37,0.59,18.5,0.185,50.6,1,15.6,2.41e+004,1.12e+004,0.00199,100%,5,5,0,2.67e+004,3,1,,,,,1,6.59e-007,3.71,7.43,1.25,33.8,0.114,72.5,100,100
12,25.8C,OK,2019-07-22,16:59:30,1.73e+008,25.8,0.0397,1.42e+005,8.61e+003,100,0,1.42e+005,8.61e+003,51,0.25,1,0.891,0.0691,0.0691,N,6,Default,Globular Proteins,1.02,0.185,0,Sphere,10 ul,JoshBuffer_wDTT,1.33,0.89,3.12e+003,Aqueous,0.596,7.78e-007,3.16,6.33,0.626,19.8,0.198,49.8,1,33.3,2.42e+004,1.21e+004,0.00301,40%,5,2,3,2.63e+004,3,1,,,,,1,6.37e-007,3.86,7.72,1.5,38.8,0.15,79.4,100,100
13,26.3C,OK,2019-07-22,17:01:22,1.73e+008,26.3,0.0398,1.4e+005,2.22e+003,100,0,1.4e+005,2.22e+003,51,0.25,1,0.891,0.0699,0.0699,N,6,Default,Globular Proteins,1.02,0.185,0,Sphere,10 ul,JoshBuffer_wDTT,1.33,0.88,3.12e+003,Aqueous,0.585,7.61e-007,3.27,6.55,0.673,20.6,0.206,54,1,14.5,2.36e+004,1.23e+004,0.00165,100%,5,5,0,2.67e+004,4,2,,,,,1,6.96e-007,3.58,7.17,0.87,24.3,0.0589,66.7,97.1,100
13,26.3C,OK,2019-07-22,17:01:22,1.73e+008,26.3,0.0398,1.4e+005,2.22e+003,100,0,1.4e+005,2.22e+003,51,0.25,1,0.891,0.0699,0.0699,N,6,Default,Globular Proteins,1.02,0.185,0,Sphere,10 ul,JoshBuffer_wDTT,1.33,0.88,3.12e+003,Aqueous,0.585,7.61e-007,3.27,6.55,0.673,20.6,0.206,54,1,14.5,2.36e+004,1.23e+004,0.00165,100%,5,5,0,2.67e+004,4,2,,,,,2,1.82e-009,1.37e+003,2.74e+003,284,20.8,0.0432,7.33e+007,2.92,0.0454
14,26.4C,OK,2019-07-22,17:01:59,1.73e+008,26.4,0.0398,1.44e+005,6.16e+003,100,0,1.44e+005,6.16e+003,51,0.25,1,0.892,0.0669,0.0668,N,6,Default,Globular Proteins,1.02,0.185,0,Sphere,10 ul,JoshBuffer_wDTT,1.33,0.877,3.12e+003,Aqueous,0.584,7.48e-007,3.34,6.69,0.559,16.7,0.167,56.7,1,61.1,2.37e+004,1.01e+004,0.00423,20%,5,1,4,2.53e+004,3,1,,,,,1,6.98e-007,3.58,7.16,0.994,27.8,0.0772,66.5,100,100
15,26.6C,OK,2019-07-22,17:02:36,1.73e+008,26.6,0.0406,1.44e+005,6.55e+003,100,0,1.44e+005,6.55e+003,51,0.25,1,0.891,0.0669,0.0668,N,6,Default,Globular Proteins,1.02,0.185,0,Sphere,10 ul,JoshBuffer_wDTT,1.33,0.874,3.12e+003,Aqueous,0.592,7.72e-007,3.25,6.51,0.621,19.1,0.191,53.3,1,36.6,2.42e+004,1.16e+004,0.00319,40%,5,2,3,2.53e+004,3,1,,,,,1,6.58e-007,3.82,7.64,1.39,36.3,0.132,77.4,100,100
16,26.724C,OK,2019-07-22,17:03:14,1.73e+008,26.7,0.0405,1.39e+005,2.77e+003,100,0,1.39e+005,2.77e+003,51,0.25,1,0.892,0.0661,0.066,N,6,Default,Globular Proteins,1.02,0.185,0,Sphere,10 ul,JoshBuffer_wDTT,1.33,0.871,3.12e+003,Aqueous,0.591,7.73e-007,3.26,6.51,0.646,19.8,0.198,53.4,1,13.6,2.41e+004,1.2e+004,0.00184,100%,5,5,0,2.49e+004,4,1,,,,,1,6.93e-007,3.63,7.27,1.18,32.5,0.106,68.9,100,100
17,26.882C,OK,2019-07-22,17:03:51,1.73e+008,26.9,0.0394,1.34e+005,1.15e+003,100,0,1.34e+005,1.15e+003,51,0.25,1,0.892,0.0654,0.0654,N,6,Default,Globular Proteins,1.02,0.185,0,Sphere,10 ul,JoshBuffer_wDTT,1.33,0.868,3.12e+003,Aqueous,0.61,7.93e-007,3.19,6.38,0.509,16,0.16,50.8,1,15.7,2.52e+004,1.03e+004,0.00192,100%,5,5,0,2.46e+004,3,2,,,,,1,6.83e-007,3.71,7.41,0.944,25.5,0.0648,72.2,98.7,100
17,26.882C,OK,2019-07-22,17:03:51,1.73e+008,26.9,0.0394,1.34e+005,1.15e+003,100,0,1.34e+005,1.15e+003,51,0.25,1,0.892,0.0654,0.0654,N,6,Default,Globular Proteins,1.02,0.185,0,Sphere,10 ul,JoshBuffer_wDTT,1.33,0.868,3.12e+003,Aqueous,0.61,7.93e-007,3.19,6.38,0.509,16,0.16,50.8,1,15.7,2.52e+004,1.03e+004,0.00192,100%,5,5,0,2.46e+004,3,2,,,,,2,1.02e-009,2.49e+003,4.98e+003,464,18.6,0.0347,2.98e+008,1.31,0.0377
18,27.038C,OK,2019-07-22,17:04:29,1.73e+008,27,0.0393,1.32e+005,1.18e+003,100,0,1.32e+005,1.18e+003,51,0.25,1,0.892,0.0659,0.0658,N,6,Default,Globular Proteins,1.02,0.185,0,Sphere,10 ul,JoshBuffer_wDTT,1.33,0.865,3.12e+003,Aqueous,0.613,8.02e-007,3.16,6.33,0.573,18.1,0.181,49.8,1,13.7,2.53e+004,1.15e+004,0.00175,100%,5,5,0,2.48e+004,2,1,,,,,1,6.26e-007,4.05,8.1,1.65,40.8,0.166,88.9,100,100
19,27.195C,OK,2019-07-22,17:05:07,1.73e+008,27.2,0.04,1.33e+005,1.3e+003,100,0,1.33e+005,1.3e+003,51,0.25,1,0.892,0.0662,0.0661,N,6,Default,Globular Proteins,1.02,0.185,0,Sphere,10 ul,JoshBuffer_wDTT,1.33,0.862,3.12e+003,Aqueous,0.609,7.99e-007,3.19,6.38,0.509,16,0.16,50.9,1,10.9,2.54e+004,1.04e+004,0.00169,100%,5,5,0,2.49e+004,3,2,,,,,1,6.6e-007,3.87,7.73,1.41,36.4,0.133,79.7,99.2,100
19,27.195C,OK,2019-07-22,17:05:07,1.73e+008,27.2,0.04,1.33e+005,1.3e+003,100,0,1.33e+005,1.3e+003,51,0.25,1,0.892,0.0662,0.0661,N,6,Default,Globular Proteins,1.02,0.185,0,Sphere,10 ul,JoshBuffer_wDTT,1.33,0.862,3.12e+003,Aqueous,0.609,7.99e-007,3.19,6.38,0.509,16,0.16,50.9,1,10.9,2.54e+004,1.04e+004,0.00169,100%,5,5,0,2.49e+004,3,2,,,,,2,2.62e-009,972,1.94e+003,162,16.7,0.0279,3.3e+007,0.803,0.00693
20,27.354C,OK,2019-07-22,17:05:45,1.73e+008,27.4,0.0397,1.34e+005,1.98e+003,100,0,1.34e+005,1.98e+003,51,0.25,1,0.892,0.066,0.066,N,6,Default,Globular Proteins,1.02,0.185,0,Sphere,10 ul,JoshBuffer_wDTT,1.33,0.859,3.12e+003,Aqueous,0.617,7.98e-007,3.21,6.42,0.592,18.4,0.184,51.6,1,13.2,2.51e+004,1.16e+004,0.00182,100%,5,5,0,2.49e+004,3,2,,,,,1,6.53e-007,3.92,7.85,1.46,37.1,0.138,82.5,97.9,100
20,27.354C,OK,2019-07-22,17:05:45,1.73e+008,27.4,0.0397,1.34e+005,1.98e+003,100,0,1.34e+005,1.98e+003,51,0.25,1,0.892,0.066,0.066,N,6,Default,Globular Proteins,1.02,0.185,0,Sphere,10 ul,JoshBuffer_wDTT,1.33,0.859,3.12e+003,Aqueous,0.617,7.98e-007,3.21,6.42,0.592,18.4,0.184,51.6,1,13.2,2.51e+004,1.16e+004,0.00182,100%,5,5,0,2.49e+004,3,2,,,,,2,7.76e-009,330,661,55,16.7,0.0277,2.64e+006,2.06,0.00571
21,27.511C,OK,2019-07-22,17:06:23,1.73e+008,27.5,0.0398,1.33e+005,504,100,0,1.33e+005,504,51,0.25,1,0.892,0.0661,0.0661,N,6,Default,Globular Proteins,1.02,0.185,0,Sphere,10 ul,JoshBuffer_wDTT,1.33,0.856,3.12e+003,Aqueous,0.611,7.95e-007,3.23,6.47,0.511,15.8,0.158,52.5,1,10.2,2.52e+004,1.03e+004,0.00158,100%,5,5,0,2.49e+004,2,1,,,,,1,6.6e-007,3.9,7.79,1.18,30.2,0.091,81.2,100,100
22,27.671C,OK,2019-07-22,17:07:01,1.73e+008,27.7,0.0406,1.33e+005,1.34e+003,100,0,1.33e+005,1.34e+003,51,0.25,1,0.892,0.0662,0.0662,N,6,Default,Globular Proteins,1.02,0.185,0,Sphere,10 ul,JoshBuffer_wDTT,1.33,0.853,3.12e+003,Aqueous,0.61,8.04e-007,3.21,6.43,0.539,16.8,0.168,51.7,1,12.6,2.55e+004,1.09e+004,0.00189,100%,5,5,0,2.5e+004,2,1,,,,,1,6.31e-007,4.09,8.19,1.77,43.3,0.188,91.1,100,100
23,27.831C,OK,2019-07-22,17:07:39,1.73e+008,27.8,0.0401,1.31e+005,329,100,0,1.31e+005,329,51,0.25,1,0.892,0.066,0.0659,N,6,Default,Globular Proteins,1.02,0.185,0,Sphere,10 ul,JoshBuffer_wDTT,1.33,0.85,3.12e+003,Aqueous,0.61,8.15e-007,3.18,6.36,0.511,16.1,0.161,50.4,1,11.7,2.59e+004,1.07e+004,0.00168,100%,5,5,0,2.49e+004,2,1,,,,,1,6.51e-007,3.98,7.96,1.61,40.5,0.164,85.2,100,100
24,27.989C,OK,2019-07-22,17:08:17,1.73e+008,28,0.0396,1.33e+005,775,100,0,1.33e+005,775,51,0.25,1,0.893,0.0666,0.0665,N,6,Default,Globular Proteins,1.02,0.185,0,Sphere,10 ul,JoshBuffer_wDTT,1.33,0.847,3.12e+003,Aqueous,0.609,8e-007,3.25,6.51,0.54,16.6,0.166,53.2,1,14.7,2.54e+004,1.07e+004,0.0018,100%,5,5,0,2.51e+004,3,2,,,,,1,6.47e-007,4.02,8.04,1.54,38.2,0.146,87.4,99.7,100
24,27.989C,OK,2019-07-22,17:08:17,1.73e+008,28,0.0396,1.33e+005,775,100,0,1.33e+005,775,51,0.25,1,0.893,0.0666,0.0665,N,6,Default,Globular Proteins,1.02,0.185,0,Sphere,10 ul,JoshBuffer_wDTT,1.33,0.847,3.12e+003,Aqueous,0.609,8e-007,3.25,6.51,0.54,16.6,0.166,53.2,1,14.7,2.54e+004,1.07e+004,0.0018,100%,5,5,0,2.51e+004,3,2,,,,,2,4.43e-009,587,1.17e+003,79.4,13.5,0.0183,1.01e+007,0.342,0.00201
25,28.147C,OK,2019-07-22,17:08:56,1.73e+008,28.1,0.0401,1.35e+005,966,100,0,1.35e+005,966,51,0.25,1,0.892,0.0665,0.0664,N,6,Default,Globular Proteins,1.02,0.185,0,Sphere,10 ul,JoshBuffer_wDTT,1.33,0.844,3.12e+003,Aqueous,0.617,7.95e-007,3.28,6.56,0.63,19.2,0.192,54.3,1,12.3,2.49e+004,1.2e+004,0.00174,100%,5,5,0,2.51e+004,3,1,,,,,1,6.04e-007,4.32,8.65,1.9,44,0.194,104,100,100
26,28.308C,OK,2019-07-22,17:09:34,1.73e+008,28.3,0.0405,1.33e+005,758,100,0,1.33e+005,758,51,0.25,1,0.893,0.0666,0.0666,N,6,Default,Globular Proteins,1.02,0.185,0,Sphere,10 ul,JoshBuffer_wDTT,1.33,0.841,3.12e+003,Aqueous,0.609,8.15e-007,3.22,6.44,0.541,16.8,0.168,51.9,1,15.6,2.58e+004,1.1e+004,0.00187,100%,5,5,0,2.52e+004,2,1,,,,,1,6.58e-007,3.98,7.97,1.44,36.1,0.13,85.5,100,100
27,28.467C,OK,2019-07-22,17:10:12,1.73e+008,28.5,0.0398,1.33e+005,1.55e+003,100,0,1.33e+005,1.55e+003,51,0.25,1,0.893,0.0675,0.0674,N,6,Default,Globular Proteins,1.02,0.185,0,Sphere,10 ul,JoshBuffer_wDTT,1.33,0.838,3.12e+003,Aqueous,0.614,8.23e-007,3.2,6.41,0.587,18.3,0.183,51.3,1,16.9,2.59e+004,1.19e+004,0.0021,100%,5,5,0,2.55e+004,3,2,,,,,1,6.53e-007,4.04,8.08,1.62,40,0.16,88.2,99.3,100
27,28.467C,OK,2019-07-22,17:10:12,1.73e+008,28.5,0.0398,1.33e+005,1.55e+003,100,0,1.33e+005,1.55e+003,51,0.25,1,0.893,0.0675,0.0674,N,6,Default,Globular Proteins,1.02,0.185,0,Sphere,10 ul,JoshBuffer_wDTT,1.33,0.838,3.12e+003,Aqueous,0.614,8.23e-007,3.2,6.41,0.587,18.3,0.183,51.3,1,16.9,2.59e+004,1.19e+004,0.0021,100%,5,5,0,2.55e+004,3,2,,,,,2,1.96e-009,1.35e+003,2.69e+003,208,15.4,0.0238,7.06e+007,0.728,0.00897
28,28.625C,OK,2019-07-22,17:10:50,1.73e+008,28.6,0.0398,1.32e+005,1.16e+003,100,0,1.32e+005,1.16e+003,51,0.25,1,0.893,0.0676,0.0675,N,6,Default,Globular Proteins,1.02,0.185,0,Sphere,10 ul,JoshBuffer_wDTT,1.33,0.835,3.12e+003,Aqueous,0.609,8.27e-007,3.2,6.39,0.579,18.1,0.181,51,1,14.8,2.6e+004,1.19e+004,0.00175,100%,5,5,0,2.56e+004,2,1,,,,,1,6.54e-007,4.04,8.08,1.53,37.8,0.143,88.4,100,100
29,28.783C,OK,2019-07-22,17:11:28,1.73e+008,28.8,0.0398,1.33e+005,946,100,0,1.33e+005,946,51,0.25,1,0.893,0.0669,0.0668,N,6,Default,Globular Proteins,1.02,0.185,0,Sphere,10 ul,JoshBuffer_wDTT,1.33,0.833,3.12e+003,Aqueous,0.609,8.26e-007,3.22,6.43,0.498,15.5,0.155,51.8,1,15.6,2.63e+004,1.05e+004,0.00189,100%,5,5,0,2.53e+004,3,2,,,,,1,7.05e-007,3.77,7.54,1.2,31.9,0.102,75,98.4,100
29,28.783C,OK,2019-07-22,17:11:28,1.73e+008,28.8,0.0398,1.33e+005,946,100,0,1.33e+005,946,51,0.25,1,0.893,0.0669,0.0668,N,6,Default,Globular Proteins,1.02,0.185,0,Sphere,10 ul,JoshBuffer_wDTT,1.33,0.833,3.12e+003,Aqueous,0.609,8.26e-007,3.22,6.43,0.498,15.5,0.155,51.8,1,15.6,2.63e+004,1.05e+004,0.00189,100%,5,5,0,2.53e+004,3,2,,,,,2,3.35e-009,793,1.59e+003,123,15.5,0.0241,2.05e+007,1.58,0.012
30,28.942C,OK,2019-07-22,17:12:06,1.73e+008,28.9,0.0402,1.32e+005,1.24e+003,100,0,1.32e+005,1.24e+003,51,0.25,1,0.893,0.0685,0.0685,N,6,Default,Globular Proteins,1.02,0.185,0,Sphere,10 ul,JoshBuffer_wDTT,1.33,0.83,3.12e+003,Aqueous,0.608,8.19e-007,3.25,6.5,0.504,15.5,0.155,53.1,1,17.6,2.6e+004,1.05e+004,0.00217,100%,5,5,0,2.6e+004,3,2,,,,,1,6.71e-007,3.97,7.93,1.56,39.3,0.154,84.5,99.4,100
30,28.942C,OK,2019-07-22,17:12:06,1.73e+008,28.9,0.0402,1.32e+005,1.24e+003,100,0,1.32e+005,1.24e+003,51,0.25,1,0.893,0.0685,0.0685,N,6,Default,Globular Proteins,1.02,0.185,0,Sphere,10 ul,JoshBuffer_wDTT,1.33,0.83,3.12e+003,Aqueous,0.608,8.19e-007,3.25,6.5,0.504,15.5,0.155,53.1,1,17.6,2.6e+004,1.05e+004,0.00217,100%,5,5,0,2.6e+004,3,2,,,,,2,6.96e-009,383,765,66.9,17.5,0.0305,3.72e+006,0.633,0.00215
31,29.102C,OK,2019-07-22,17:12:44,1.73e+008,29.1,0.0404,1.33e+005,1.03e+003,100,0,1.33e+005,1.03e+003,51,0.25,1,0.893,0.0708,0.0707,N,6,Default,Globular Proteins,1.02,0.185,0,Sphere,10 ul,JoshBuffer_wDTT,1.33,0.827,3.12e+003,Aqueous,0.611,8.32e-007,3.22,6.43,0.537,16.7,0.167,51.8,1,15.7,2.64e+004,1.12e+004,0.0019,100%,5,5,0,2.7e+004,2,1,,,,,1,6.68e-007,4.01,8.01,1.51,37.6,0.141,86.6,100,100
32,29.261C,OK,2019-07-22,17:13:22,1.73e+008,29.3,0.0399,1.33e+005,528,100,0,1.33e+005,528,51,0.25,1,0.892,0.0732,0.0731,N,6,Default,Globular Proteins,1.02,0.185,0,Sphere,10 ul,JoshBuffer_wDTT,1.33,0.824,3.12e+003,Aqueous,0.611,8.32e-007,3.23,6.47,0.544,16.8,0.168,52.5,1,11.3,2.63e+004,1.13e+004,0.0017,100%,5,5,0,2.82e+004,2,1,,,,,1,6.57e-007,4.1,8.19,1.65,40.3,0.163,91.2,100,100
33,29.418C,OK,2019-07-22,17:14:00,1.73e+008,29.4,0.0393,1.34e+005,1.11e+003,100,0,1.34e+005,1.11e+003,51,0.25,1,0.893,0.0837,0.0836,N,6,Default,Globular Proteins,1.02,0.185,0,Sphere,10 ul,JoshBuffer_wDTT,1.33,0.821,3.12e+003,Aqueous,0.615,8.34e-007,3.23,6.46,0.629,19.5,0.195,52.4,1,11,2.61e+004,1.28e+004,0.00156,100%,5,5,0,3.29e+004,3,2,,,,,1,7.02e-007,3.84,7.68,1.31,34.1,0.116,78.5,95.7,100
33,29.418C,OK,2019-07-22,17:14:00,1.73e+008,29.4,0.0393,1.34e+005,1.11e+003,100,0,1.34e+005,1.11e+003,51,0.25,1,0.893,0.0837,0.0836,N,6,Default,Globular Proteins,1.02,0.185,0,Sphere,10 ul,JoshBuffer_wDTT,1.33,0.821,3.12e+003,Aqueous,0.615,8.34e-007,3.23,6.46,0.629,19.5,0.195,52.4,1,11,2.61e+004,1.28e+004,0.00156,100%,5,5,0,3.29e+004,3,2,,,,,2,3.33e-008,81.1,162,13.7,16.8,0.0284,9.86e+004,4.28,0.0021
34,29.574C,OK,2019-07-22,17:14:38,1.73e+008,29.6,0.0395,1.44e+005,4.31e+003,100,0,1.44e+005,4.31e+003,51,0.25,1,0.892,0.0794,0.0793,N,6,Default,Globular Proteins,1.02,0.185,0,Sphere,10 ul,JoshBuffer_wDTT,1.33,0.818,3.12e+003,Aqueous,0.63,7.7e-007,3.52,7.04,0.84,23.9,0.239,64,1,12.5,2.04e+004,1.78e+004,0.00129,100%,5,5,0,3.1e+004,4,2,,,,,1,6.92e-007,3.92,7.83,1.26,32.1,0.103,82.2,89.1,100
34,29.574C,OK,2019-07-22,17:14:38,1.73e+008,29.6,0.0395,1.44e+005,4.31e+003,100,0,1.44e+005,4.31e+003,51,0.25,1,0.892,0.0794,0.0793,N,6,Default,Globular Proteins,1.02,0.185,0,Sphere,10 ul,JoshBuffer_wDTT,1.33,0.818,3.12e+003,Aqueous,0.63,7.7e-007,3.52,7.04,0.84,23.9,0.239,64,1,12.5,2.04e+004,1.78e+004,0.00129,100%,5,5,0,3.1e+004,4,2,,,,,2,1.66e-008,163,327,50,30.6,0.0939,5.07e+005,10.9,0.0278
35,29.736C,OK,2019-07-22,17:15:17,1.73e+008,29.7,0.0408,1.36e+005,1.8e+003,100,0,1.36e+005,1.8e+003,51,0.25,1,0.892,0.0696,0.0695,N,6,Default,Globular Proteins,1.02,0.185,0,Sphere,10 ul,JoshBuffer_wDTT,1.33,0.816,3.12e+003,Aqueous,0.616,8.03e-007,3.38,6.76,0.672,19.9,0.199,58.2,1,9.26,2.5e+004,1.25e+004,0.0014,100%,5,5,0,2.65e+004,3,2,,,,,1,7.29e-007,3.73,7.45,0.934,25.1,0.0629,73,95.1,100
35,29.736C,OK,2019-07-22,17:15:17,1.73e+008,29.7,0.0408,1.36e+005,1.8e+003,100,0,1.36e+005,1.8e+003,51,0.25,1,0.892,0.0696,0.0695,N,6,Default,Globular Proteins,1.02,0.185,0,Sphere,10 ul,JoshBuffer_wDTT,1.33,0.816,3.12e+003,Aqueous,0.616,8.03e-007,3.38,6.76,0.672,19.9,0.199,58.2,1,9.26,2.5e+004,1.25e+004,0.0014,100%,5,5,0,2.65e+004,3,2,,,,,2,3.08e-008,88.1,176,11.1,12.6,0.0158,1.2e+005,4.91,0.00347
36,29.900C,OK,2019-07-22,17:15:55,1.73e+008,29.9,0.0401,1.49e+005,1.52e+004,100,0,1.49e+005,1.52e+004,51,0.25,1,0.892,0.0705,0.0705,N,6,Default,Globular Proteins,1.02,0.185,0,Sphere,10 ul,JoshBuffer_wDTT,1.33,0.813,3.12e+003,Aqueous,0.619,7.79e-007,3.5,7.01,0.821,23.4,0.234,63.3,1,12.7,2.26e+004,1.56e+004,0.00181,80%,5,4,1,2.69e+004,4,2,,,,,1,6.8e-007,4.01,8.02,1.54,38.4,0.147,86.9,92.6,100
36,29.900C,OK,2019-07-22,17:15:55,1.73e+008,29.9,0.0401,1.49e+005,1.52e+004,100,0,1.49e+005,1.52e+004,51,0.25,1,0.892,0.0705,0.0705,N,6,Default,Globular Proteins,1.02,0.185,0,Sphere,10 ul,JoshBuffer_wDTT,1.33,0.813,3.12e+003,Aqueous,0.619,7.79e-007,3.5,7.01,0.821,23.4,0.234,63.3,1,12.7,2.26e+004,1.56e+004,0.00181,80%,5,4,1,2.69e+004,4,2,,,,,2,8.71e-009,313,627,82,26.2,0.0684,2.33e+006,7.42,0.0259
37,30.060C,OK,2019-07-22,17:16:34,1.73e+008,30.1,0.0384,1.43e+005,7.84e+003,100,0,1.43e+005,7.84e+003,51,0.25,1,0.892,0.0665,0.0664,N,6,Default,Globular Proteins,1.02,0.185,0,Sphere,10 ul,JoshBuffer_wDTT,1.33,0.81,3.12e+003,Aqueous,0.618,7.93e-007,3.46,6.92,0.825,23.8,0.238,61.4,1,12.4,2.19e+004,1.73e+004,0.00172,100%,5,5,0,2.51e+004,5,2,,,,,1,6.9e-007,3.97,7.95,1.52,38.3,0.147,85,92.6,100
37,30.060C,OK,2019-07-22,17:16:34,1.73e+008,30.1,0.0384,1.43e+005,7.84e+003,100,0,1.43e+005,7.84e+003,51,0.25,1,0.892,0.0665,0.0664,N,6,Default,Globular Proteins,1.02,0.185,0,Sphere,10 ul,JoshBuffer_wDTT,1.33,0.81,3.12e+003,Aqueous,0.618,7.93e-007,3.46,6.92,0.825,23.8,0.238,61.4,1,12.4,2.19e+004,1.73e+004,0.00172,100%,5,5,0,2.51e+004,5,2,,,,,2,1.16e-008,237,473,64.2,27.1,0.0735,1.21e+006,7.37,0.0179
38,30.215C,OK,2019-07-22,17:17:12,1.73e+008,30.2,0.0392,1.41e+005,1.34e+003,100,0,1.41e+005,1.34e+003,51,0.25,1,0.892,0.0664,0.0663,N,6,Default,Globular Proteins,1.02,0.185,0,Sphere,10 ul,JoshBuffer_wDTT,1.33,0.807,3.12e+003,Aqueous,0.615,8e-007,3.44,6.87,0.793,23.1,0.231,60.4,1,16.6,2.36e+004,1.54e+004,0.00194,100%,5,5,0,2.51e+004,4,2,,,,,1,7.32e-007,3.76,7.51,1.01,27,0.0729,74.5,95,100
38,30.215C,OK,2019-07-22,17:17:12,1.73e+008,30.2,0.0392,1.41e+005,1.34e+003,100,0,1.41e+005,1.34e+003,51,0.25,1,0.892,0.0664,0.0663,N,6,Default,Globular Proteins,1.02,0.185,0,Sphere,10 ul,JoshBuffer_wDTT,1.33,0.807,3.12e+003,Aqueous,0.615,8e-007,3.44,6.87,0.793,23.1,0.231,60.4,1,16.6,2.36e+004,1.54e+004,0.00194,100%,5,5,0,2.51e+004,4,2,,,,,2,6.66e-009,413,825,83.7,20.3,0.0412,4.44e+006,5.02,0.0279
39,30.546C,OK,2019-07-22,17:18:30,1.73e+008,30.5,0.0403,1.43e+005,6.1e+003,100,0,1.43e+005,6.1e+003,51,0.25,1,0.892,0.0656,0.0655,N,6,Default,Globular Proteins,1.02,0.185,0,Sphere,10 ul,JoshBuffer_wDTT,1.33,0.802,3.12e+003,Aqueous,0.586,8.21e-007,3.37,6.75,0.709,21,0.21,57.9,1,20.7,2.53e+004,1.36e+004,0.0021,60%,5,3,2,2.47e+004,4,2,,,,,1,7.67e-007,3.61,7.22,0.946,26.2,0.0687,67.8,96,100
39,30.546C,OK,2019-07-22,17:18:30,1.73e+008,30.5,0.0403,1.43e+005,6.1e+003,100,0,1.43e+005,6.1e+003,51,0.25,1,0.892,0.0656,0.0655,N,6,Default,Globular Proteins,1.02,0.185,0,Sphere,10 ul,JoshBuffer_wDTT,1.33,0.802,3.12e+003,Aqueous,0.586,8.21e-007,3.37,6.75,0.709,21,0.21,57.9,1,20.7,2.53e+004,1.36e+004,0.0021,60%,5,3,2,2.47e+004,4,2,,,,,2,3.31e-009,838,1.68e+003,217,25.9,0.067,2.33e+007,4.05,0.0422
40,31.297C,OK,2019-07-22,17:21:31,1.73e+008,31.3,0.0398,1.35e+005,1.94e+003,100,0,1.35e+005,1.94e+003,51,0.25,1,0.891,0.0673,0.0673,N,6,Default,Globular Proteins,1.02,0.185,0,Sphere,10 ul,JoshBuffer_wDTT,1.33,0.789,3.12e+003,Aqueous,0.591,8.68e-007,3.25,6.51,0.636,19.6,0.196,53.2,1,16,2.71e+004,1.33e+004,0.00182,100%,5,5,0,2.55e+004,3,1,,,,,1,7.53e-007,3.75,7.5,1.05,27.9,0.078,74.2,100,100
41,31.459C,OK,2019-07-22,17:22:10,1.73e+008,31.5,0.04,1.33e+005,1.85e+003,100,0,1.33e+005,1.85e+003,51,0.25,1,0.891,0.0669,0.0668,N,6,Default,Globular Proteins,1.02,0.185,0,Sphere,10 ul,JoshBuffer_wDTT,1.33,0.787,3.12e+003,Aqueous,0.597,8.67e-007,3.28,6.55,0.548,16.7,0.167,54,1,14.9,2.74e+004,1.17e+004,0.00193,100%,5,5,0,2.53e+004,4,2,,,,,1,7.08e-007,4.01,8.01,1.54,38.4,0.148,86.6,99,100
41,31.459C,OK,2019-07-22,17:22:10,1.73e+008,31.5,0.04,1.33e+005,1.85e+003,100,0,1.33e+005,1.85e+003,51,0.25,1,0.891,0.0669,0.0668,N,6,Default,Globular Proteins,1.02,0.185,0,Sphere,10 ul,JoshBuffer_wDTT,1.33,0.787,3.12e+003,Aqueous,0.597,8.67e-007,3.28,6.55,0.548,16.7,0.167,54,1,14.9,2.74e+004,1.17e+004,0.00193,100%,5,5,0,2.53e+004,4,2,,,,,2,3.59e-009,791,1.58e+003,212,26.9,0.0722,2.03e+007,1.05,0.00816
42,31.623C,OK,2019-07-22,17:22:49,1.73e+008,31.6,0.04,1.35e+005,2.39e+003,100,0,1.35e+005,2.39e+003,51,0.25,1,0.891,0.067,0.0669,N,6,Default,Globular Proteins,1.02,0.185,0,Sphere,10 ul,JoshBuffer_wDTT,1.33,0.784,3.12e+003,Aqueous,0.604,8.46e-007,3.36,6.73,0.662,19.7,0.197,57.5,1,10.6,2.64e+004,1.31e+004,0.0017,100%,5,5,0,2.54e+004,4,2,,,,,1,6.77e-007,4.21,8.41,1.7,40.4,0.163,97,98.6,100
42,31.623C,OK,2019-07-22,17:22:49,1.73e+008,31.6,0.04,1.35e+005,2.39e+003,100,0,1.35e+005,2.39e+003,51,0.25,1,0.891,0.067,0.0669,N,6,Default,Globular Proteins,1.02,0.185,0,Sphere,10 ul,JoshBuffer_wDTT,1.33,0.784,3.12e+003,Aqueous,0.604,8.46e-007,3.36,6.73,0.662,19.7,0.197,57.5,1,10.6,2.64e+004,1.31e+004,0.0017,100%,5,5,0,2.54e+004,4,2,,,,,2,2.66e-009,1.07e+003,2.14e+003,271,25.4,0.0644,4.12e+007,1.4,0.015
43,31.784C,OK,2019-07-22,17:23:27,1.73e+008,31.8,0.0412,1.33e+005,1.91e+003,100,0,1.33e+005,1.91e+003,51,0.25,1,0.891,0.068,0.068,N,6,Default,Globular Proteins,1.02,0.185,0,Sphere,10 ul,JoshBuffer_wDTT,1.33,0.781,3.12e+003,Aqueous,0.6,8.66e-007,3.3,6.6,0.579,17.5,0.175,55,1,12.6,2.73e+004,1.21e+004,0.00182,100%,5,5,0,2.58e+004,3,2,,,,,1,7.14e-007,4.01,8.01,1.51,37.7,0.142,86.5,98,100
43,31.784C,OK,2019-07-22,17:23:27,1.73e+008,31.8,0.0412,1.33e+005,1.91e+003,100,0,1.33e+005,1.91e+003,51,0.25,1,0.891,0.068,0.068,N,6,Default,Globular Proteins,1.02,0.185,0,Sphere,10 ul,JoshBuffer_wDTT,1.33,0.781,3.12e+003,Aqueous,0.6,8.66e-007,3.3,6.6,0.579,17.5,0.175,55,1,12.6,2.73e+004,1.21e+004,0.00182,100%,5,5,0,2.58e+004,3,2,,,,,2,4.47e-009,640,1.28e+003,128,20,0.0401,1.24e+007,1.99,0.0131
44,31.948C,OK,2019-07-22,17:24:06,1.73e+008,31.9,0.0394,1.33e+005,1.4e+003,100,0,1.33e+005,1.4e+003,51,0.25,1,0.891,0.0665,0.0665,N,6,Default,Globular Proteins,1.02,0.185,0,Sphere,10 ul,JoshBuffer_wDTT,1.33,0.779,3.12e+003,Aqueous,0.596,8.63e-007,3.32,6.64,0.536,16.1,0.161,55.8,1,10.5,2.74e+004,1.13e+004,0.00166,100%,5,5,0,2.51e+004,2,1,,,,,1,6.93e-007,4.13,8.27,1.6,38.7,0.15,93.1,100,100
45,32.108C,OK,2019-07-22,17:24:45,1.73e+008,32.1,0.0392,1.31e+005,851,100,0,1.31e+005,851,51,0.25,1,0.892,0.0667,0.0666,N,6,Default,Globular Proteins,1.02,0.185,0,Sphere,10 ul,JoshBuffer_wDTT,1.33,0.776,3.12e+003,Aqueous,0.603,8.87e-007,3.24,6.49,0.542,16.7,0.167,52.9,1,19.5,2.81e+004,1.19e+004,0.00181,100%,5,5,0,2.52e+004,2,1,,,,,1,7.09e-007,4.06,8.12,1.56,38.5,0.148,89.4,100,100
46,32.268C,OK,2019-07-22,17:25:24,1.73e+008,32.3,0.0393,1.32e+005,826,100,0,1.32e+005,826,51,0.25,1,0.892,0.0667,0.0666,N,6,Default,Globular Proteins,1.02,0.185,0,Sphere,10 ul,JoshBuffer_wDTT,1.33,0.774,3.12e+003,Aqueous,0.601,8.8e-007,3.29,6.58,0.546,16.6,0.166,54.5,1,15.8,2.79e+004,1.18e+004,0.0018,100%,5,5,0,2.52e+004,3,1,,,,,1,7.13e-007,4.06,8.12,1.54,37.9,0.144,89.3,100,100
47,32.425C,OK,2019-07-22,17:26:02,1.73e+008,32.4,0.0398,1.33e+005,755,100,0,1.33e+005,755,51,0.25,1,0.892,0.0663,0.0663,N,6,Default,Globular Proteins,1.02,0.185,0,Sphere,10 ul,JoshBuffer_wDTT,1.33,0.771,3.12e+003,Aqueous,0.601,8.89e-007,3.26,6.52,0.601,18.4,0.184,53.5,1,10,2.8e+004,1.29e+004,0.00147,100%,5,5,0,2.51e+004,2,1,,,,,1,6.89e-007,4.21,8.41,1.76,41.9,0.176,97.1,100,100
48,32.587C,OK,2019-07-22,17:26:41,1.73e+008,32.6,0.0397,1.32e+005,580,100,0,1.32e+005,580,51,0.25,1,0.893,0.0663,0.0662,N,6,Default,Globular Proteins,1.02,0.185,0,Sphere,10 ul,JoshBuffer_wDTT,1.33,0.768,3.12e+003,Aqueous,0.596,8.77e-007,3.32,6.64,0.519,15.6,0.156,55.8,1,13.5,2.79e+004,1.13e+004,0.00201,100%,5,5,0,2.5e+004,2,1,,,,,1,6.95e-007,4.19,8.38,1.83,43.7,0.191,96.3,100,100
49,32.750C,OK,2019-07-22,17:27:20,1.73e+008,32.7,0.0402,1.32e+005,837,100,0,1.32e+005,837,51,0.25,1,0.892,0.0664,0.0663,N,6,Default,Globular Proteins,1.02,0.185,0,Sphere,10 ul,JoshBuffer_wDTT,1.33,0.766,3.12e+003,Aqueous,0.602,8.92e-007,3.27,6.55,0.577,17.6,0.176,54,1,10.3,2.82e+004,1.25e+004,0.00167,100%,5,5,0,2.51e+004,2,1,,,,,1,6.87e-007,4.25,8.5,1.92,45.2,0.204,99.5,100,100
50,32.916C,OK,2019-07-22,17:27:59,1.73e+008,32.9,0.0409,1.32e+005,267,100,0,1.32e+005,267,51,0.25,1,0.893,0.0676,0.0675,N,6,Default,Globular Proteins,1.02,0.185,0,Sphere,10 ul,JoshBuffer_wDTT,1.33,0.763,3.12e+003,Aqueous,0.603,9.09e-007,3.23,6.45,0.597,18.5,0.185,52.2,1,15.7,2.86e+004,1.33e+004,0.00191,100%,5,5,0,2.56e+004,3,2,,,,,1,7.26e-007,4.04,8.08,1.57,38.9,0.152,88.3,98.5,100
50,32.916C,OK,2019-07-22,17:27:59,1.73e+008,32.9,0.0409,1.32e+005,267,100,0,1.32e+005,267,51,0.25,1,0.893,0.0676,0.0675,N,6,Default,Globular Proteins,1.02,0.185,0,Sphere,10 ul,JoshBuffer_wDTT,1.33,0.763,3.12e+003,Aqueous,0.603,9.09e-007,3.23,6.45,0.597,18.5,0.185,52.2,1,15.7,2.86e+004,1.33e+004,0.00191,100%,5,5,0,2.56e+004,3,2,,,,,2,3.8e-008,77.2,154,10.5,13.6,0.0186,8.78e+004,1.53,0.000574
51,33.081C,OK,2019-07-22,17:28:38,1.73e+008,33.1,0.0398,1.31e+005,833,100,0,1.31e+005,833,51,0.25,1,0.893,0.0665,0.0664,N,6,Default,Globular Proteins,1.02,0.185,0,Sphere,10 ul,JoshBuffer_wDTT,1.33,0.761,3.12e+003,Aqueous,0.603,8.93e-007,3.3,6.61,0.502,15.2,0.152,55.1,1,13.2,2.84e+004,1.13e+004,0.00183,100%,5,5,0,2.51e+004,2,1,,,,,1,7.29e-007,4.05,8.09,1.5,37.1,0.138,88.6,100,100
52,33.240C,OK,2019-07-22,17:29:17,1.73e+008,33.2,0.0384,1.32e+005,891,100,0,1.32e+005,891,51,0.25,1,0.894,0.0667,0.0666,N,6,Default,Globular Proteins,1.02,0.185,0,Sphere,10 ul,JoshBuffer_wDTT,1.33,0.758,3.12e+003,Aqueous,0.604,8.93e-007,3.31,6.62,0.563,17,0.17,55.4,1,16.3,2.82e+004,1.22e+004,0.00198,100%,5,5,0,2.52e+004,2,1,,,,,1,7.07e-007,4.18,8.36,1.69,40.4,0.163,95.7,100,100
53,33.398C,OK,2019-07-22,17:29:56,1.73e+008,33.4,0.0394,1.33e+005,1.16e+003,100,0,1.33e+005,1.16e+003,51,0.25,1,0.895,0.0671,0.067,N,6,Default,Globular Proteins,1.02,0.185,0,Sphere,10 ul,JoshBuffer_wDTT,1.33,0.756,3.12e+003,Aqueous,0.605,8.87e-007,3.35,6.7,0.532,15.9,0.159,56.9,1,14.1,2.81e+004,1.15e+004,0.00191,100%,5,5,0,2.54e+004,2,1,,,,,1,7.18e-007,4.13,8.26,1.55,37.4,0.14,93.1,100,100
54,33.562C,OK,2019-07-22,17:30:35,1.73e+008,33.6,0.0404,1.31e+005,695,100,0,1.31e+005,695,51,0.25,1,0.894,0.0672,0.0671,N,6,Default,Globular Proteins,1.02,0.185,0,Sphere,10 ul,JoshBuffer_wDTT,1.33,0.753,3.12e+003,Aqueous,0.605,8.99e-007,3.32,6.63,0.568,17.1,0.171,55.7,1,14.8,2.84e+004,1.23e+004,0.00203,100%,5,5,0,2.54e+004,2,1,,,,,1,7.02e-007,4.25,8.5,1.83,43.1,0.186,99.5,100,100
55,33.728C,OK,2019-07-22,17:31:14,1.73e+008,33.7,0.0405,1.32e+005,722,100,0,1.32e+005,722,51,0.25,1,0.895,0.0672,0.0671,N,6,Default,Globular Proteins,1.02,0.185,0,Sphere,10 ul,JoshBuffer_wDTT,1.33,0.751,3.12e+003,Aqueous,0.614,9.17e-007,3.26,6.52,0.595,18.2,0.182,53.5,1,11.4,2.89e+004,1.32e+004,0.00166,100%,5,5,0,2.54e+004,3,2,,,,,1,7.48e-007,4,8,1.47,36.7,0.135,86.2,98,100
55,33.728C,OK,2019-07-22,17:31:14,1.73e+008,33.7,0.0405,1.32e+005,722,100,0,1.32e+005,722,51,0.25,1,0.895,0.0672,0.0671,N,6,Default,Globular Proteins,1.02,0.185,0,Sphere,10 ul,JoshBuffer_wDTT,1.33,0.751,3.12e+003,Aqueous,0.614,9.17e-007,3.26,6.52,0.595,18.2,0.182,53.5,1,11.4,2.89e+004,1.32e+004,0.00166,100%,5,5,0,2.54e+004,3,2,,,,,2,2.33e-008,128,257,16.6,12.9,0.0168,2.89e+005,1.96,0.00465
56,33.892C,OK,2019-07-22,17:31:53,1.73e+008,33.9,0.0396,1.32e+005,1e+003,100,0,1.32e+005,1e+003,51,0.25,1,0.895,0.0683,0.0682,N,6,Default,Globular Proteins,1.02,0.185,0,Sphere,10 ul,JoshBuffer_wDTT,1.33,0.748,3.12e+003,Aqueous,0.614,9.13e-007,3.29,6.58,0.61,18.5,0.185,54.7,1,13.8,2.87e+004,1.33e+004,0.00176,100%,5,5,0,2.6e+004,3,2,,,,,1,7.39e-007,4.06,8.13,1.57,38.7,0.15,89.5,97.9,100
56,33.892C,OK,2019-07-22,17:31:53,1.73e+008,33.9,0.0396,1.32e+005,1e+003,100,0,1.32e+005,1e+003,51,0.25,1,0.895,0.0683,0.0682,N,6,Default,Globular Proteins,1.02,0.185,0,Sphere,10 ul,JoshBuffer_wDTT,1.33,0.748,3.12e+003,Aqueous,0.614,9.13e-007,3.29,6.58,0.61,18.5,0.185,54.7,1,13.8,2.87e+004,1.33e+004,0.00176,100%,5,5,0,2.6e+004,3,2,,,,,2,2.2e-008,137,274,18.6,13.6,0.0185,3.35e+005,2.07,0.0043
57,34.052C,OK,2019-07-22,17:32:32,1.73e+008,34.1,0.0394,1.33e+005,491,100,0,1.33e+005,491,51,0.25,1,0.895,0.0674,0.0673,N,6,Default,Globular Proteins,1.02,0.185,0,Sphere,10 ul,JoshBuffer_wDTT,1.33,0.746,3.12e+003,Aqueous,0.611,9.02e-007,3.35,6.69,0.575,17.2,0.172,56.8,1,18,2.85e+004,1.24e+004,0.00202,100%,5,5,0,2.56e+004,2,1,,,,,1,7.21e-007,4.19,8.38,1.57,37.6,0.141,96.1,100,100
58,34.216C,OK,2019-07-22,17:33:11,1.73e+008,34.2,0.0407,1.34e+005,1.03e+003,100,0,1.34e+005,1.03e+003,51,0.25,1,0.896,0.0677,0.0676,N,6,Default,Globular Proteins,1.02,0.185,0,Sphere,10 ul,JoshBuffer_wDTT,1.33,0.744,3.12e+003,Aqueous,0.616,9.07e-007,3.33,6.67,0.574,17.2,0.172,56.4,1,12.4,2.87e+004,1.25e+004,0.00184,100%,5,5,0,2.57e+004,2,1,,,,,1,7.22e-007,4.19,8.38,1.58,37.7,0.142,96.1,100,100
59,34.379C,OK,2019-07-22,17:33:50,1.73e+008,34.4,0.0392,1.32e+005,1.03e+003,100,0,1.32e+005,1.03e+003,51,0.25,1,0.895,0.068,0.0679,N,6,Default,Globular Proteins,1.02,0.185,0,Sphere,10 ul,JoshBuffer_wDTT,1.33,0.741,3.12e+003,Aqueous,0.615,9.06e-007,3.35,6.71,0.622,18.6,0.186,57.2,1,13.1,2.85e+004,1.33e+004,0.00184,100%,5,5,0,2.58e+004,3,1,,,,,1,6.92e-007,4.39,8.79,1.96,44.7,0.2,107,100,100
60,34.539C,OK,2019-07-22,17:34:29,1.73e+008,34.5,0.0395,1.32e+005,867,100,0,1.32e+005,867,51,0.25,1,0.895,0.0681,0.0681,N,6,Default,Globular Proteins,1.02,0.185,0,Sphere,10 ul,JoshBuffer_wDTT,1.33,0.739,3.12e+003,Aqueous,0.614,9.02e-007,3.38,6.75,0.57,16.9,0.169,58,1,11,2.86e+004,1.23e+004,0.00165,100%,5,5,0,2.59e+004,3,2,,,,,1,7.6e-007,4.01,8.01,1.35,33.7,0.113,86.6,97.8,100
60,34.539C,OK,2019-07-22,17:34:29,1.73e+008,34.5,0.0395,1.32e+005,867,100,0,1.32e+005,867,51,0.25,1,0.895,0.0681,0.0681,N,6,Default,Globular Proteins,1.02,0.185,0,Sphere,10 ul,JoshBuffer_wDTT,1.33,0.739,3.12e+003,Aqueous,0.614,9.02e-007,3.38,6.75,0.57,16.9,0.169,58,1,11,2.86e+004,1.23e+004,0.00165,100%,5,5,0,2.59e+004,3,2,,,,,2,7.82e-009,390,779,63.5,16.3,0.0265,3.88e+006,2.2,0.01
61,34.703C,OK,2019-07-22,17:35:09,1.73e+008,34.7,0.0409,1.33e+005,838,100,0,1.33e+005,838,51,0.25,1,0.893,0.0684,0.0683,N,6,Default,Globular Proteins,1.02,0.185,0,Sphere,10 ul,JoshBuffer_wDTT,1.33,0.736,3.12e+003,Aqueous,0.618,9.03e-007,3.39,6.78,0.549,16.2,0.162,58.5,1,10.5,2.86e+004,1.19e+004,0.00156,100%,5,5,0,2.6e+004,2,1,,,,,1,7.26e-007,4.22,8.43,1.65,39.2,0.154,97.6,100,100
62,34.868C,OK,2019-07-22,17:35:48,1.73e+008,34.9,0.0396,1.33e+005,775,100,0,1.33e+005,775,51,0.25,1,0.894,0.0685,0.0684,N,6,Default,Globular Proteins,1.02,0.185,0,Sphere,10 ul,JoshBuffer_wDTT,1.33,0.734,3.12e+003,Aqueous,0.612,9.08e-007,3.39,6.77,0.546,16.1,0.161,58.4,1,10,2.88e+004,1.19e+004,0.0016,100%,5,5,0,2.6e+004,3,2,,,,,1,7.53e-007,4.08,8.17,1.45,35.4,0.126,90.6,99.1,100
62,34.868C,OK,2019-07-22,17:35:48,1.73e+008,34.9,0.0396,1.33e+005,775,100,0,1.33e+005,775,51,0.25,1,0.894,0.0685,0.0684,N,6,Default,Globular Proteins,1.02,0.185,0,Sphere,10 ul,JoshBuffer_wDTT,1.33,0.734,3.12e+003,Aqueous,0.612,9.08e-007,3.39,6.77,0.546,16.1,0.161,58.4,1,10,2.88e+004,1.19e+004,0.0016,100%,5,5,0,2.6e+004,3,2,,,,,2,1.44e-009,2.14e+003,4.28e+003,535,25,0.0624,2.09e+008,0.924,0.0488
63,35.028C,OK,2019-07-22,17:36:27,1.73e+008,35,0.0394,1.33e+005,1.03e+003,100,0,1.33e+005,1.03e+003,51,0.25,1,0.894,0.0684,0.0684,N,6,Default,Globular Proteins,1.02,0.185,0,Sphere,10 ul,JoshBuffer_wDTT,1.33,0.732,3.12e+003,Aqueous,0.609,9.03e-007,3.41,6.82,0.541,15.9,0.159,59.4,1,14.3,2.87e+004,1.17e+004,0.00202,100%,5,5,0,2.6e+004,2,1,,,,,1,7.17e-007,4.3,8.6,1.81,42,0.177,102,100,100
64,35.192C,OK,2019-07-22,17:37:06,1.73e+008,35.2,0.0407,1.33e+005,783,100,0,1.33e+005,783,51,0.25,1,0.895,0.0687,0.0686,N,6,Default,Globular Proteins,1.02,0.185,0,Sphere,10 ul,JoshBuffer_wDTT,1.33,0.729,3.12e+003,Aqueous,0.613,9.12e-007,3.39,6.79,0.581,17.1,0.171,58.7,1,9.72,2.88e+004,1.25e+004,0.00164,100%,5,5,0,2.62e+004,2,1,,,,,1,7.18e-007,4.31,8.62,1.77,41,0.168,103,100,100
65,35.357C,OK,2019-07-22,17:37:45,1.73e+008,35.4,0.0401,1.33e+005,667,100,0,1.33e+005,667,51,0.25,1,0.894,0.0688,0.0688,N,6,Default,Globular Proteins,1.02,0.185,0,Sphere,10 ul,JoshBuffer_wDTT,1.33,0.727,3.12e+003,Aqueous,0.614,9.13e-007,3.41,6.81,0.601,17.7,0.177,59.3,1,9.29,2.88e+004,1.28e+004,0.00156,100%,5,5,0,2.62e+004,2,1,,,,,1,7.15e-007,4.35,8.7,1.77,40.8,0.166,105,100,100
66,35.520C,OK,2019-07-22,17:38:24,1.73e+008,35.5,0.0396,1.33e+005,545,100,0,1.33e+005,545,51,0.25,1,0.894,0.0692,0.0692,N,6,Default,Globular Proteins,1.02,0.185,0,Sphere,10 ul,JoshBuffer_wDTT,1.33,0.725,3.12e+003,Aqueous,0.614,9.06e-007,3.44,6.88,0.563,16.4,0.164,60.7,1,15,2.87e+004,1.2e+004,0.0017,100%,5,5,0,2.64e+004,2,1,,,,,1,7.35e-007,4.24,8.48,1.5,35.4,0.125,98.8,100,100
67,35.681C,OK,2019-07-22,17:39:03,1.73e+008,35.7,0.0398,1.33e+005,477,100,0,1.33e+005,477,51,0.25,1,0.895,0.0696,0.0695,N,6,Default,Globular Proteins,1.02,0.185,0,Sphere,10 ul,JoshBuffer_wDTT,1.33,0.722,3.12e+003,Aqueous,0.61,9.25e-007,3.38,6.77,0.594,17.5,0.175,58.3,1,11.7,2.92e+004,1.29e+004,0.00171,100%,5,5,0,2.66e+004,2,1,,,,,1,7.15e-007,4.38,8.76,1.94,44.3,0.196,107,100,100
68,35.844C,OK,2019-07-22,17:39:42,1.73e+008,35.8,0.04,1.35e+005,1.45e+003,100,0,1.35e+005,1.45e+003,51,0.25,1,0.894,0.0696,0.0695,N,6,Default,Globular Proteins,1.02,0.185,0,Sphere,10 ul,JoshBuffer_wDTT,1.33,0.72,3.12e+003,Aqueous,0.613,9.06e-007,3.46,6.93,0.658,19,0.19,61.6,1,14.2,2.84e+004,1.35e+004,0.00178,100%,5,5,0,2.66e+004,3,2,,,,,1,7.3e-007,4.3,8.6,1.64,38.1,0.145,102,98.3,100
68,35.844C,OK,2019-07-22,17:39:42,1.73e+008,35.8,0.04,1.35e+005,1.45e+003,100,0,1.35e+005,1.45e+003,51,0.25,1,0.894,0.0696,0.0695,N,6,Default,Globular Proteins,1.02,0.185,0,Sphere,10 ul,JoshBuffer_wDTT,1.33,0.72,3.12e+003,Aqueous,0.613,9.06e-007,3.46,6.93,0.658,19,0.19,61.6,1,14.2,2.84e+004,1.35e+004,0.00178,100%,5,5,0,2.66e+004,3,2,,,,,2,4.41e-009,711,1.42e+003,114,16,0.0255,1.59e+007,1.71,0.0158
69,36.007C,OK,2019-07-22,17:40:21,1.73e+008,36,0.0399,1.36e+005,988,100,0,1.36e+005,988,51,0.25,1,0.895,0.0698,0.0697,N,6,Default,Globular Proteins,1.02,0.185,0,Sphere,10 ul,JoshBuffer_wDTT,1.33,0.718,3.12e+003,Aqueous,0.609,8.9e-007,3.54,7.08,0.651,18.4,0.184,64.9,1,11.5,2.8e+004,1.29e+004,0.0018,100%,5,5,0,2.66e+004,3,2,,,,,1,7.08e-007,4.45,8.91,1.83,41,0.168,111,98.6,100
69,36.007C,OK,2019-07-22,17:40:21,1.73e+008,36,0.0399,1.36e+005,988,100,0,1.36e+005,988,51,0.25,1,0.895,0.0698,0.0697,N,6,Default,Globular Proteins,1.02,0.185,0,Sphere,10 ul,JoshBuffer_wDTT,1.33,0.718,3.12e+003,Aqueous,0.609,8.9e-007,3.54,7.08,0.651,18.4,0.184,64.9,1,11.5,2.8e+004,1.29e+004,0.0018,100%,5,5,0,2.66e+004,3,2,,,,,2,1.09e-008,288,576,53.3,18.5,0.0343,1.91e+006,1.38,0.00441
70,36.171C,OK,2019-07-22,17:41:00,1.73e+008,36.2,0.0407,1.36e+005,886,100,0,1.36e+005,886,51,0.25,1,0.895,0.0703,0.0702,N,6,Default,Globular Proteins,1.02,0.185,0,Sphere,10 ul,JoshBuffer_wDTT,1.33,0.716,3.12e+003,Aqueous,0.611,9.1e-007,3.48,6.96,0.643,18.5,0.185,62.3,1,14.2,2.86e+004,1.33e+004,0.00172,100%,5,5,0,2.69e+004,3,2,,,,,1,7.4e-007,4.28,8.56,1.59,37.1,0.137,101,98.5,100
70,36.171C,OK,2019-07-22,17:41:00,1.73e+008,36.2,0.0407,1.36e+005,886,100,0,1.36e+005,886,51,0.25,1,0.895,0.0703,0.0702,N,6,Default,Globular Proteins,1.02,0.185,0,Sphere,10 ul,JoshBuffer_wDTT,1.33,0.716,3.12e+003,Aqueous,0.611,9.1e-007,3.48,6.96,0.643,18.5,0.185,62.3,1,14.2,2.86e+004,1.33e+004,0.00172,100%,5,5,0,2.69e+004,3,2,,,,,2,2.23e-009,1.42e+003,2.83e+003,284,20,0.0401,7.96e+007,1.52,0.0264
71,36.339C,OK,2019-07-22,17:41:40,1.73e+008,36.3,0.0406,1.35e+005,1.42e+003,100,0,1.35e+005,1.42e+003,51,0.25,1,0.895,0.0708,0.0707,N,6,Default,Globular Proteins,1.02,0.185,0,Sphere,10 ul,JoshBuffer_wDTT,1.33,0.713,3.12e+003,Aqueous,0.607,8.95e-007,3.55,7.09,0.591,16.7,0.167,65.1,1,12.7,2.83e+004,1.2e+004,0.00175,100%,5,5,0,2.71e+004,2,1,,,,,1,7.25e-007,4.38,8.76,1.56,35.5,0.126,107,100,100
72,36.505C,OK,2019-07-22,17:42:19,1.73e+008,36.5,0.0399,1.54e+005,1.83e+004,100,0,1.54e+005,1.83e+004,51,0.25,1,0.895,0.0712,0.0711,N,6,Default,Globular Proteins,1.02,0.185,0,Sphere,10 ul,JoshBuffer_wDTT,1.33,0.711,3.12e+003,Aqueous,0.621,8.15e-007,3.91,7.82,0.93,23.8,0.238,81.8,1,11.7,2.28e+004,1.75e+004,0.00166,100%,5,5,0,2.73e+004,4,2,,,,,1,6.07e-007,5.25,10.5,2.93,55.9,0.312,163,99.1,100
72,36.505C,OK,2019-07-22,17:42:19,1.73e+008,36.5,0.0399,1.54e+005,1.83e+004,100,0,1.54e+005,1.83e+004,51,0.25,1,0.895,0.0712,0.0711,N,6,Default,Globular Proteins,1.02,0.185,0,Sphere,10 ul,JoshBuffer_wDTT,1.33,0.711,3.12e+003,Aqueous,0.621,8.15e-007,3.91,7.82,0.93,23.8,0.238,81.8,1,11.7,2.28e+004,1.75e+004,0.00166,100%,5,5,0,2.73e+004,4,2,,,,,2,1.9e-008,168,335,33.2,19.8,0.0393,5.4e+005,0.876,0.00266
73,36.669C,OK,2019-07-22,17:42:58,1.73e+008,36.7,0.0399,2.01e+005,3.21e+004,100,0,2.01e+005,3.21e+004,51,0.25,1,0.895,0.0727,0.0726,N,6,Default,Globular Proteins,1.02,0.185,0,Sphere,10 ul,JoshBuffer_wDTT,1.33,0.709,3.12e+003,Aqueous,0.588,6.73e-007,4.76,9.52,1.14,23.8,0.238,130,1,7.68,1.73e+004,1.62e+004,0.00137,60%,5,3,2,2.8e+004,5,2,,,,,1,4.7e-006,0.681,1.36,0.182,26.7,0.0713,1.37,0.628,58.9
73,36.669C,OK,2019-07-22,17:42:58,1.73e+008,36.7,0.0399,2.01e+005,3.21e+004,100,0,2.01e+005,3.21e+004,51,0.25,1,0.895,0.0727,0.0726,N,6,Default,Globular Proteins,1.02,0.185,0,Sphere,10 ul,JoshBuffer_wDTT,1.33,0.709,3.12e+003,Aqueous,0.588,6.73e-007,4.76,9.52,1.14,23.8,0.238,130,1,7.68,1.73e+004,1.62e+004,0.00137,60%,5,3,2,2.8e+004,5,2,,,,,2,4.91e-007,6.52,13,3.34,51.2,0.263,270,99.4,41.1
74,36.833C,OK,2019-07-22,17:43:38,1.73e+008,36.8,0.0394,1.37e+005,1.75e+003,100,0,1.37e+005,1.75e+003,51,0.25,1,0.896,0.0759,0.0758,N,6,Default,Globular Proteins,1.02,0.185,0,Sphere,10 ul,JoshBuffer_wDTT,1.33,0.707,3.12e+003,Aqueous,0.61,8.96e-007,3.58,7.16,0.639,17.8,0.178,66.6,1,8.32,2.83e+004,1.27e+004,0.00149,100%,5,5,0,2.94e+004,3,1,,,,,1,7.02e-007,4.57,9.14,1.92,42,0.176,118,100,100
75,36.996C,OK,2019-07-22,17:44:17,1.73e+008,37,0.0394,1.37e+005,914,100,0,1.37e+005,914,51,0.25,1,0.896,0.0793,0.0792,N,6,Default,Globular Proteins,1.02,0.185,0,Sphere,10 ul,JoshBuffer_wDTT,1.33,0.704,3.12e+003,Aqueous,0.615,9.03e-007,3.57,7.14,0.624,17.5,0.175,66.1,1,11.3,2.85e+004,1.26e+004,0.00172,100%,5,5,0,3.1e+004,2,1,,,,,1,7.06e-007,4.57,9.14,1.92,42.1,0.177,118,100,100
76,37.161C,OK,2019-07-22,17:44:57,1.73e+008,37.2,0.0394,1.36e+005,472,100,0,1.36e+005,472,51,0.25,1,0.896,0.0741,0.074,N,6,Default,Globular Proteins,1.02,0.185,0,Sphere,10 ul,JoshBuffer_wDTT,1.33,0.702,3.12e+003,Aqueous,0.616,9.06e-007,3.57,7.15,0.632,17.7,0.177,66.3,1,12.9,2.86e+004,1.27e+004,0.0017,100%,5,5,0,2.86e+004,2,1,,,,,1,7.04e-007,4.6,9.2,1.99,43.2,0.186,120,100,100
77,37.325C,OK,2019-07-22,17:45:36,1.73e+008,37.3,0.0395,1.36e+005,1.41e+003,100,0,1.36e+005,1.41e+003,51,0.25,1,0.897,0.0729,0.0729,N,6,Default,Globular Proteins,1.02,0.185,0,Sphere,10 ul,JoshBuffer_wDTT,1.33,0.7,3.12e+003,Aqueous,0.617,9.16e-007,3.54,7.08,0.69,19.5,0.195,64.9,1,15.7,2.86e+004,1.4e+004,0.00172,100%,5,5,0,2.81e+004,3,1,,,,,1,7.01e-007,4.63,9.26,2.02,43.5,0.189,122,100,100
78,37.490C,OK,2019-07-22,17:46:16,1.73e+008,37.5,0.0399,1.37e+005,2.4e+003,100,0,1.37e+005,2.4e+003,51,0.25,1,0.897,0.073,0.0729,N,6,Default,Globular Proteins,1.02,0.185,0,Sphere,10 ul,JoshBuffer_wDTT,1.33,0.698,3.12e+003,Aqueous,0.616,9.1e-007,3.58,7.17,0.709,19.8,0.198,66.7,1,17.2,2.84e+004,1.41e+004,0.00198,100%,5,5,0,2.81e+004,4,2,,,,,1,6.89e-007,4.73,9.46,2.24,47.3,0.224,128,100,100
78,37.490C,OK,2019-07-22,17:46:16,1.73e+008,37.5,0.0399,1.37e+005,2.4e+003,100,0,1.37e+005,2.4e+003,51,0.25,1,0.897,0.073,0.0729,N,6,Default,Globular Proteins,1.02,0.185,0,Sphere,10 ul,JoshBuffer_wDTT,1.33,0.698,3.12e+003,Aqueous,0.616,9.1e-007,3.58,7.17,0.709,19.8,0.198,66.7,1,17.2,2.84e+004,1.41e+004,0.00198,100%,5,5,0,2.81e+004,4,2,,,,,2,7.27e-010,4.48e+003,8.97e+003,888,19.8,0.0392,1.18e+009,0.0219,0.00147
79,37.825C,OK,2019-07-22,17:47:36,1.73e+008,37.8,0.0397,1.63e+005,3.67e+004,100,0,1.63e+005,3.67e+004,51,0.25,1,0.897,0.0904,0.0904,N,6,Default,Globular Proteins,1.02,0.185,0,Sphere,10 ul,JoshBuffer_wDTT,1.33,0.693,3.12e+003,Aqueous,0.629,8.4e-007,3.91,7.82,0.873,22.3,0.223,81.7,1,16,2.53e+004,1.51e+004,0.00193,60%,5,3,2,3.61e+004,4,2,,,,,1,6.9e-007,4.76,9.51,1.86,39.1,0.153,129,98.4,99.9
79,37.825C,OK,2019-07-22,17:47:36,1.73e+008,37.8,0.0397,1.63e+005,3.67e+004,100,0,1.63e+005,3.67e+004,51,0.25,1,0.897,0.0904,0.0904,N,6,Default,Globular Proteins,1.02,0.185,0,Sphere,10 ul,JoshBuffer_wDTT,1.33,0.693,3.12e+003,Aqueous,0.629,8.4e-007,3.91,7.82,0.873,22.3,0.223,81.7,1,16,2.53e+004,1.51e+004,0.00193,60%,5,3,2,3.61e+004,4,2,,,,,2,1.61e-009,2.03e+003,4.07e+003,449,22.1,0.0488,1.85e+008,1.56,0.0511
80,38.160C,OK,2019-07-22,17:48:57,1.73e+008,38.2,0.0402,1.44e+005,4.96e+003,100,0,1.44e+005,4.96e+003,51,0.25,1,0.898,0.118,0.118,N,6,Default,Globular Proteins,1.02,0.185,0,Sphere,10 ul,JoshBuffer_wDTT,1.33,0.689,3.12e+003,Aqueous,0.632,8.71e-007,3.8,7.6,0.83,21.8,0.218,76.6,1,9.19,2.65e+004,1.52e+004,0.00161,100%,5,5,0,4.84e+004,4,3,,,,,1,5.52e-006,0.6,1.2,0.0729,12.1,0.0147,1.02,1.22,73.8
80,38.160C,OK,2019-07-22,17:48:57,1.73e+008,38.2,0.0402,1.44e+005,4.96e+003,100,0,1.44e+005,4.96e+003,51,0.25,1,0.898,0.118,0.118,N,6,Default,Globular Proteins,1.02,0.185,0,Sphere,10 ul,JoshBuffer_wDTT,1.33,0.689,3.12e+003,Aqueous,0.632,8.71e-007,3.8,7.6,0.83,21.8,0.218,76.6,1,9.19,2.65e+004,1.52e+004,0.00161,100%,5,5,0,4.84e+004,4,3,,,,,2,7.54e-007,4.39,8.79,1.49,33.9,0.115,107,93.4,26.2
80,38.160C,OK,2019-07-22,17:48:57,1.73e+008,38.2,0.0402,1.44e+005,4.96e+003,100,0,1.44e+005,4.96e+003,51,0.25,1,0.898,0.118,0.118,N,6,Default,Globular Proteins,1.02,0.185,0,Sphere,10 ul,JoshBuffer_wDTT,1.33,0.689,3.12e+003,Aqueous,0.632,8.71e-007,3.8,7.6,0.83,21.8,0.218,76.6,1,9.19,2.65e+004,1.52e+004,0.00161,100%,5,5,0,4.84e+004,4,3,,,,,3,9.42e-009,351,703,68.7,19.6,0.0382,3.05e+006,5.35,0.00672
81,38.326C,OK,2019-07-22,17:49:37,1.73e+008,38.3,0.0399,1.54e+005,2.46e+004,100,0,1.54e+005,2.46e+004,51,0.25,1,0.898,0.105,0.104,N,6,Default,Globular Proteins,1.02,0.185,0,Sphere,10 ul,JoshBuffer_wDTT,1.33,0.687,3.12e+003,Aqueous,0.631,8.79e-007,3.77,7.55,0.805,21.3,0.213,75.3,1,15.7,2.7e+004,1.48e+004,0.00201,80%,5,4,1,4.24e+004,4,2,,,,,1,7.38e-007,4.5,9,1.7,37.7,0.142,114,98.1,100
81,38.326C,OK,2019-07-22,17:49:37,1.73e+008,38.3,0.0399,1.54e+005,2.46e+004,100,0,1.54e+005,2.46e+004,51,0.25,1,0.898,0.105,0.104,N,6,Default,Globular Proteins,1.02,0.185,0,Sphere,10 ul,JoshBuffer_wDTT,1.33,0.687,3.12e+003,Aqueous,0.631,8.79e-007,3.77,7.55,0.805,21.3,0.213,75.3,1,15.7,2.7e+004,1.48e+004,0.00201,80%,5,4,1,4.24e+004,4,2,,,,,2,1.77e-009,1.88e+003,3.75e+003,490,26.1,0.0683,1.53e+008,1.88,0.0482
82,38.523C,OK,2019-07-22,17:50:17,1.73e+008,38.5,0.0393,1.97e+005,8.62e+004,100,0,1.97e+005,8.62e+004,51,0.25,1,0.898,0.0854,0.0853,N,6,Default,Globular Proteins,1.02,0.185,0,Sphere,10 ul,JoshBuffer_wDTT,1.33,0.684,3.12e+003,Aqueous,0.634,9.1e-007,3.66,7.33,0.798,21.8,0.218,70.3,1,24.2,2.77e+004,1.58e+004,0.00277,40%,5,2,3,3.38e+004,2,1,,,,,1,6.24e-007,5.35,10.7,3.03,56.6,0.321,170,100,100
83,38.688C,OK,2019-07-22,17:51:04,1.73e+008,38.7,0.0396,1.42e+005,3.22e+003,100,0,1.42e+005,3.22e+003,51,0.25,1,0.899,0.0838,0.0837,N,6,Default,Globular Proteins,1.02,0.185,0,Sphere,10 ul,JoshBuffer_wDTT,1.33,0.682,3.12e+003,Aqueous,0.636,8.93e-007,3.75,7.5,0.776,20.7,0.207,74.2,1,9.08,2.76e+004,1.45e+004,0.00156,100%,5,5,0,3.3e+004,3,1,,,,,1,6.47e-007,5.18,10.4,2.7,52.1,0.271,158,100,100
84,38.854C,OK,2019-07-22,17:51:44,1.73e+008,38.9,0.0396,1.46e+005,3.78e+003,100,0,1.46e+005,3.78e+003,51,0.25,1,0.9,0.0779,0.0778,N,6,Default,Globular Proteins,1.02,0.185,0,Sphere,10 ul,JoshBuffer_wDTT,1.33,0.68,3.12e+003,Aqueous,0.625,8.92e-007,3.77,7.54,0.839,22.3,0.223,75,1,13,2.7e+004,1.6e+004,0.00179,100%,5,5,0,3.03e+004,4,1,,,,,1,6.96e-007,4.83,9.66,2.03,41.9,0.176,134,100,100
85,39.016C,OK,2019-07-22,17:52:23,1.73e+008,39,0.0396,1.83e+005,4.91e+004,100,0,1.83e+005,4.91e+004,51,0.25,1,0.9,0.0816,0.0815,N,6,Default,Globular Proteins,1.02,0.185,0,Sphere,10 ul,JoshBuffer_wDTT,1.33,0.678,3.12e+003,Aqueous,0.635,8.65e-007,3.9,7.8,0.897,23,0.23,81.2,1,27.1,2.56e+004,1.65e+004,0.00274,40%,5,2,3,3.19e+004,5,2,,,,,1,7.43e-007,4.53,9.07,1.65,36.5,0.133,116,96.4,100
85,39.016C,OK,2019-07-22,17:52:23,1.73e+008,39,0.0396,1.83e+005,4.91e+004,100,0,1.83e+005,4.91e+004,51,0.25,1,0.9,0.0816,0.0815,N,6,Default,Globular Proteins,1.02,0.185,0,Sphere,10 ul,JoshBuffer_wDTT,1.33,0.678,3.12e+003,Aqueous,0.635,8.65e-007,3.9,7.8,0.897,23,0.23,81.2,1,27.1,2.56e+004,1.65e+004,0.00274,40%,5,2,3,3.19e+004,5,2,,,,,2,7.34e-009,459,918,147,32,0.103,5.69e+006,3.62,0.0249
86,39.177C,OK,2019-07-22,17:53:02,1.73e+008,39.2,0.0396,1.44e+005,792,100,0,1.44e+005,792,51,0.25,1,0.9,0.0797,0.0796,N,6,Default,Globular Proteins,1.02,0.185,0,Sphere,10 ul,JoshBuffer_wDTT,1.33,0.676,3.12e+003,Aqueous,0.643,8.8e-007,3.85,7.69,0.755,19.6,0.196,78.7,1,9.75,2.75e+004,1.35e+004,0.00166,100%,5,5,0,3.12e+004,3,1,,,,,1,6.52e-007,5.19,10.4,2.61,50.2,0.252,159,100,100
87,39.340C,OK,2019-07-22,17:53:41,1.73e+008,39.3,0.04,1.45e+005,1.52e+003,100,0,1.45e+005,1.52e+003,51,0.25,1,0.901,0.0797,0.0796,N,6,Default,Globular Proteins,1.02,0.185,0,Sphere,10 ul,JoshBuffer_wDTT,1.33,0.674,3.12e+003,Aqueous,0.655,8.72e-007,3.89,7.78,0.802,20.6,0.206,80.8,1,8.64,2.7e+004,1.41e+004,0.00165,100%,5,5,0,3.12e+004,2,1,,,,,1,6.24e-007,5.44,10.9,2.89,53.1,0.281,177,100,100
88,39.503C,OK,2019-07-22,17:54:19,1.73e+008,39.5,0.0398,1.56e+005,2.02e+004,100,0,1.56e+005,2.02e+004,51,0.25,1,0.902,0.0807,0.0807,N,6,Default,Globular Proteins,1.02,0.185,0,Sphere,10 ul,JoshBuffer_wDTT,1.33,0.672,3.12e+003,Aqueous,0.665,8.64e-007,3.94,7.88,0.794,20.2,0.202,83.4,1,16.1,2.69e+004,1.37e+004,0.00228,60%,5,3,2,3.16e+004,4,2,,,,,1,7.01e-007,4.86,9.72,2.12,43.6,0.19,136,96.7,100
88,39.503C,OK,2019-07-22,17:54:19,1.73e+008,39.5,0.0398,1.56e+005,2.02e+004,100,0,1.56e+005,2.02e+004,51,0.25,1,0.902,0.0807,0.0807,N,6,Default,Globular Proteins,1.02,0.185,0,Sphere,10 ul,JoshBuffer_wDTT,1.33,0.672,3.12e+003,Aqueous,0.665,8.64e-007,3.94,7.88,0.794,20.2,0.202,83.4,1,16.1,2.69e+004,1.37e+004,0.00228,60%,5,3,2,3.16e+004,4,2,,,,,2,1.79e-008,190,381,44.3,23.3,0.0543,7.25e+005,3.3,0.0127
89,39.665C,OK,2019-07-22,17:54:58,1.73e+008,39.7,0.0395,1.49e+005,1.14e+003,100,0,1.49e+005,1.14e+003,51,0.25,1,0.902,0.082,0.0819,N,6,Default,Globular Proteins,1.02,0.185,0,Sphere,10 ul,JoshBuffer_wDTT,1.33,0.67,3.12e+003,Aqueous,0.664,8.5e-007,4.02,8.05,0.766,19,0.19,87.5,1,13,2.66e+004,1.27e+004,0.00165,100%,5,5,0,3.22e+004,2,1,,,,,1,6.46e-007,5.3,10.6,2.4,45.3,0.205,166,100,100
90,39.827C,OK,2019-07-22,17:55:37,1.73e+008,39.8,0.0398,1.5e+005,974,100,0,1.5e+005,974,51,0.25,1,0.902,0.0875,0.0874,N,6,Default,Globular Proteins,1.02,0.185,0,Sphere,10 ul,JoshBuffer_wDTT,1.33,0.668,3.12e+003,Aqueous,0.666,8.48e-007,4.05,8.09,0.821,20.3,0.203,88.6,1,13.9,2.63e+004,1.35e+004,0.00178,100%,5,5,0,3.47e+004,2,1,,,,,1,6.25e-007,5.49,11,2.65,48.2,0.232,181,100,100
91,39.989C,OK,2019-07-22,17:56:16,1.73e+008,40,0.0399,1.52e+005,919,100,0,1.52e+005,919,51,0.25,1,0.903,0.0849,0.0848,N,6,Default,Globular Proteins,1.02,0.185,0,Sphere,10 ul,JoshBuffer_wDTT,1.33,0.666,3.12e+003,Aqueous,0.679,8.48e-007,4.06,8.12,0.895,22,0.22,89.3,1,12.3,2.57e+004,1.5e+004,0.00169,100%,5,5,0,3.35e+004,3,2,,,,,1,6.13e-007,5.62,11.2,3.4,60.6,0.367,191,96.7,100
91,39.989C,OK,2019-07-22,17:56:16,1.73e+008,40,0.0399,1.52e+005,919,100,0,1.52e+005,919,51,0.25,1,0.903,0.0849,0.0848,N,6,Default,Globular Proteins,1.02,0.185,0,Sphere,10 ul,JoshBuffer_wDTT,1.33,0.666,3.12e+003,Aqueous,0.679,8.48e-007,4.06,8.12,0.895,22,0.22,89.3,1,12.3,2.57e+004,1.5e+004,0.00169,100%,5,5,0,3.35e+004,3,2,,,,,2,1.15e-007,29.9,59.7,4.07,13.6,0.0186,9.52e+003,3.34,0.00874
92,40.151C,OK,2019-07-22,17:56:55,1.73e+008,40.2,0.0398,1.82e+005,3.14e+004,100,0,1.82e+005,3.14e+004,51,0.25,1,0.904,0.0889,0.0888,N,6,Default,Globular Proteins,1.02,0.185,0,Sphere,10 ul,JoshBuffer_wDTT,1.33,0.664,3.12e+003,Aqueous,0.683,8.41e-007,4.12,8.23,0.951,23.1,0.231,92.2,1,23.5,2.48e+004,1.62e+004,0.00267,40%,5,2,3,3.53e+004,4,2,,,,,1,6.48e-007,5.33,10.7,2.68,50.2,0.252,169,98.1,100
92,40.151C,OK,2019-07-22,17:56:55,1.73e+008,40.2,0.0398,1.82e+005,3.14e+004,100,0,1.82e+005,3.14e+004,51,0.25,1,0.904,0.0889,0.0888,N,6,Default,Globular Proteins,1.02,0.185,0,Sphere,10 ul,JoshBuffer_wDTT,1.33,0.664,3.12e+003,Aqueous,0.683,8.41e-007,4.12,8.23,0.951,23.1,0.231,92.2,1,23.5,2.48e+004,1.62e+004,0.00267,40%,5,2,3,3.53e+004,4,2,,,,,2,7.62e-009,454,908,186,40.9,0.167,5.54e+006,1.9,0.0124
93,40.314C,OK,2019-07-22,17:57:34,1.73e+008,40.3,0.0399,1.77e+005,2.31e+004,100,0,1.77e+005,2.31e+004,51,0.25,1,0.904,0.096,0.0959,N,6,Default,Globular Proteins,1.02,0.185,0,Sphere,10 ul,JoshBuffer_wDTT,1.33,0.662,3.12e+003,Aqueous,0.686,7.98e-007,4.35,8.69,1.04,23.8,0.238,105,1,13.4,2.06e+004,1.91e+004,0.00162,60%,5,3,2,3.86e+004,5,3,,,,,1,6.61e-007,5.24,10.5,2.51,47.9,0.23,163,92.4,99.9
93,40.314C,OK,2019-07-22,17:57:34,1.73e+008,40.3,0.0399,1.77e+005,2.31e+004,100,0,1.77e+005,2.31e+004,51,0.25,1,0.904,0.096,0.0959,N,6,Default,Globular Proteins,1.02,0.185,0,Sphere,10 ul,JoshBuffer_wDTT,1.33,0.662,3.12e+003,Aqueous,0.686,7.98e-007,4.35,8.69,1.04,23.8,0.238,105,1,13.4,2.06e+004,1.91e+004,0.00162,60%,5,3,2,3.86e+004,5,3,,,,,2,2.67e-008,130,259,62.9,48.5,0.236,2.95e+005,4.18,0.0117
93,40.314C,OK,2019-07-22,17:57:34,1.73e+008,40.3,0.0399,1.77e+005,2.31e+004,100,0,1.77e+005,2.31e+004,51,0.25,1,0.904,0.096,0.0959,N,6,Default,Globular Proteins,1.02,0.185,0,Sphere,10 ul,JoshBuffer_wDTT,1.33,0.662,3.12e+003,Aqueous,0.686,7.98e-007,4.35,8.69,1.04,23.8,0.238,105,1,13.4,2.06e+004,1.91e+004,0.00162,60%,5,3,2,3.86e+004,5,3,,,,,3,3.03e-009,1.14e+003,2.29e+003,609,53.2,0.284,4.82e+007,3.43,0.0687
94,40.477C,OK,2019-07-22,17:58:13,1.73e+008,40.5,0.0398,1.56e+005,1.71e+003,100,0,1.56e+005,1.71e+003,51,0.25,1,0.904,0.0885,0.0884,N,6,Default,Globular Proteins,1.02,0.185,0,Sphere,10 ul,JoshBuffer_wDTT,1.33,0.66,3.12e+003,Aqueous,0.691,8.26e-007,4.22,8.43,0.92,21.8,0.218,97.6,1,12.5,2.51e+004,1.44e+004,0.0016,100%,5,5,0,3.51e+004,2,1,,,,,1,5.87e-007,5.93,11.9,3,50.7,0.257,216,100,100
95,40.638C,OK,2019-07-22,17:58:53,1.73e+008,40.6,0.0394,1.6e+005,1.5e+003,100,0,1.6e+005,1.5e+003,51,0.25,1,0.904,0.0907,0.0906,N,6,Default,Globular Proteins,1.02,0.185,0,Sphere,10 ul,JoshBuffer_wDTT,1.33,0.658,3.12e+003,Aqueous,0.697,8.02e-007,4.35,8.7,0.982,22.6,0.226,105,1,9.13,2.41e+004,1.47e+004,0.00151,100%,5,5,0,3.62e+004,3,2,,,,,1,5.71e-007,6.11,12.2,3.5,57.3,0.329,233,97.6,100
95,40.638C,OK,2019-07-22,17:58:53,1.73e+008,40.6,0.0394,1.6e+005,1.5e+003,100,0,1.6e+005,1.5e+003,51,0.25,1,0.904,0.0907,0.0906,N,6,Default,Globular Proteins,1.02,0.185,0,Sphere,10 ul,JoshBuffer_wDTT,1.33,0.658,3.12e+003,Aqueous,0.697,8.02e-007,4.35,8.7,0.982,22.6,0.226,105,1,9.13,2.41e+004,1.47e+004,0.00151,100%,5,5,0,3.62e+004,3,2,,,,,2,2.14e-008,163,326,41.8,25.7,0.0659,5.05e+005,2.43,0.00912
96,40.798C,OK,2019-07-22,17:59:32,1.73e+008,40.8,0.0391,1.62e+005,1.88e+003,100,0,1.62e+005,1.88e+003,51,0.25,1,0.905,0.0939,0.0938,N,6,Default,Globular Proteins,1.02,0.185,0,Sphere,10 ul,JoshBuffer_wDTT,1.33,0.656,3.12e+003,Aqueous,0.696,8.01e-007,4.37,8.75,0.958,21.9,0.219,106,1,10.2,2.44e+004,1.4e+004,0.00155,100%,5,5,0,3.76e+004,3,2,,,,,1,6.2e-007,5.65,11.3,2.56,45.3,0.205,194,96.4,100
96,40.798C,OK,2019-07-22,17:59:32,1.73e+008,40.8,0.0391,1.62e+005,1.88e+003,100,0,1.62e+005,1.88e+003,51,0.25,1,0.905,0.0939,0.0938,N,6,Default,Globular Proteins,1.02,0.185,0,Sphere,10 ul,JoshBuffer_wDTT,1.33,0.656,3.12e+003,Aqueous,0.696,8.01e-007,4.37,8.75,0.958,21.9,0.219,106,1,10.2,2.44e+004,1.4e+004,0.00155,100%,5,5,0,3.76e+004,3,2,,,,,2,1.66e-008,211,421,45.4,21.5,0.0464,9.2e+005,3.6,0.0161
97,40.957C,OK,2019-07-22,18:00:11,1.73e+008,41,0.0385,1.67e+005,3.75e+003,100,0,1.67e+005,3.75e+003,51,0.25,1,0.905,0.0941,0.094,N,6,Default,Globular Proteins,1.02,0.185,0,Sphere,10 ul,JoshBuffer_wDTT,1.33,0.654,3.12e+003,Aqueous,0.704,7.71e-007,4.56,9.12,1.05,23,0.23,117,1,11.6,2.28e+004,1.47e+004,0.00152,100%,5,5,0,3.77e+004,3,1,,,,,1,5.39e-007,6.53,13.1,3.62,55.4,0.307,272,100,100
98,41.115C,OK,2019-07-22,18:00:50,1.73e+008,41.1,0.0392,1.75e+005,1.23e+004,100,0,1.75e+005,1.23e+004,51,0.25,1,0.905,0.0956,0.0955,N,6,Default,Globular Proteins,1.02,0.185,0,Sphere,10 ul,JoshBuffer_wDTT,1.33,0.652,3.12e+003,Aqueous,0.711,7.87e-007,4.48,8.96,1.04,23.3,0.233,112,1,12.8,2.3e+004,1.55e+004,0.00181,60%,5,3,2,3.84e+004,3,1,,,,,1,5.13e-007,6.87,13.7,4.16,60.6,0.367,306,100,100
99,41.278C,OK,2019-07-22,18:01:29,1.73e+008,41.3,0.0408,1.68e+005,1.08e+003,100,0,1.68e+005,1.08e+003,51,0.25,1,0.905,0.0973,0.0972,N,6,Default,Globular Proteins,1.02,0.185,0,Sphere,10 ul,JoshBuffer_wDTT,1.33,0.65,3.12e+003,Aqueous,0.714,7.77e-007,4.56,9.12,1.06,23.2,0.232,117,1,8.85,2.28e+004,1.52e+004,0.00146,100%,5,5,0,3.92e+004,3,2,,,,,1,5.3e-007,6.68,13.4,3.97,59.4,0.353,287,98.2,100
99,41.278C,OK,2019-07-22,18:01:29,1.73e+008,41.3,0.0408,1.68e+005,1.08e+003,100,0,1.68e+005,1.08e+003,51,0.25,1,0.905,0.0973,0.0972,N,6,Default,Globular Proteins,1.02,0.185,0,Sphere,10 ul,JoshBuffer_wDTT,1.33,0.65,3.12e+003,Aqueous,0.714,7.77e-007,4.56,9.12,1.06,23.2,0.232,117,1,8.85,2.28e+004,1.52e+004,0.00146,100%,5,5,0,3.92e+004,3,2,,,,,2,1.48e-008,239,479,51.3,21.4,0.046,1.24e+006,1.83,0.00774
100,41.443C,OK,2019-07-22,18:02:08,1.73e+008,41.4,0.0402,1.8e+005,1.08e+004,100,0,1.8e+005,1.08e+004,51,0.25,1,0.905,0.1,0.1,N,6,Default,Globular Proteins,1.02,0.185,0,Sphere,10 ul,JoshBuffer_wDTT,1.33,0.648,3.12e+003,Aqueous,0.72,7.43e-007,4.78,9.55,1.09,22.8,0.228,131,1,14.8,2.21e+004,1.39e+004,0.00174,80%,5,4,1,4.05e+004,3,2,,,,,1,5.09e-007,6.98,14,3.97,56.9,0.324,317,99.5,100
100,41.443C,OK,2019-07-22,18:02:08,1.73e+008,41.4,0.0402,1.8e+005,1.08e+004,100,0,1.8e+005,1.08e+004,51,0.25,1,0.905,0.1,0.1,N,6,Default,Globular Proteins,1.02,0.185,0,Sphere,10 ul,JoshBuffer_wDTT,1.33,0.648,3.12e+003,Aqueous,0.72,7.43e-007,4.78,9.55,1.09,22.8,0.228,131,1,14.8,2.21e+004,1.39e+004,0.00174,80%,5,4,1,4.05e+004,3,2,,,,,2,1.24e-009,2.87e+003,5.74e+003,678,23.6,0.0558,4.15e+008,0.463,0.0355
101,41.608C,OK,2019-07-22,18:02:47,1.73e+008,41.6,0.0406,1.79e+005,1.76e+003,100,0,1.79e+005,1.76e+003,51,0.25,1,0.906,0.103,0.103,N,6,Default,Globular Proteins,1.02,0.185,0,Sphere,10 ul,JoshBuffer_wDTT,1.33,0.646,3.12e+003,Aqueous,0.725,7.45e-007,4.78,9.56,1.14,23.8,0.238,131,1,10.6,2.08e+004,1.6e+004,0.00151,100%,5,5,0,4.19e+004,3,2,,,,,1,4.62e-007,7.72,15.4,5.83,75.5,0.569,402,98.5,100
101,41.608C,OK,2019-07-22,18:02:47,1.73e+008,41.6,0.0406,1.79e+005,1.76e+003,100,0,1.79e+005,1.76e+003,51,0.25,1,0.906,0.103,0.103,N,6,Default,Globular Proteins,1.02,0.185,0,Sphere,10 ul,JoshBuffer_wDTT,1.33,0.646,3.12e+003,Aqueous,0.725,7.45e-007,4.78,9.56,1.14,23.8,0.238,131,1,10.6,2.08e+004,1.6e+004,0.00151,100%,5,5,0,4.19e+004,3,2,,,,,2,1.67e-008,214,428,61.3,28.7,0.0823,9.52e+005,1.53,0.00794
102,41.773C,OK,2019-07-22,18:03:27,1.73e+008,41.8,0.0404,1.83e+005,1.69e+003,100,0,1.83e+005,1.69e+003,51,0.25,1,0.906,0.108,0.107,N,6,Default,Globular Proteins,1.02,0.185,0,Sphere,10 ul,JoshBuffer_wDTT,1.33,0.645,3.12e+003,Aqueous,0.727,7.27e-007,4.92,9.84,1.17,23.7,0.237,140,1,8.24,2.05e+004,1.54e+004,0.00112,100%,5,5,0,4.37e+004,2,1,,,,,1,4.66e-007,7.69,15.4,4.58,59.6,0.356,398,100,100
103,41.936C,OK,2019-07-22,18:04:06,1.73e+008,41.9,0.0397,1.9e+005,2.02e+003,100,0,1.9e+005,2.02e+003,51,0.25,1,0.906,0.111,0.111,N,6,Default,Globular Proteins,1.02,0.185,0,Sphere,10 ul,JoshBuffer_wDTT,1.33,0.643,3.12e+003,Aqueous,0.731,7.03e-007,5.1,10.2,1.21,23.7,0.237,152,1,11.6,1.98e+004,1.49e+004,0.00144,100%,5,5,0,4.54e+004,3,1,,,,,1,4.58e-007,7.83,15.7,4.41,56.3,0.317,416,100,100
104,42.100C,OK,2019-07-22,18:04:45,1.73e+008,42.1,0.0397,2e+005,4.52e+003,100,0,2e+005,4.52e+003,51,0.25,1,0.906,0.116,0.116,N,6,Default,Globular Proteins,1.02,0.185,0,Sphere,10 ul,JoshBuffer_wDTT,1.33,0.641,3.12e+003,Aqueous,0.738,6.74e-007,5.34,10.7,1.28,23.9,0.239,170,1,9.27,1.82e+004,1.53e+004,0.00121,100%,5,5,0,4.77e+004,4,2,,,,,1,4.58e-007,7.87,15.7,4.6,58.4,0.342,420,97.6,100
104,42.100C,OK,2019-07-22,18:04:45,1.73e+008,42.1,0.0397,2e+005,4.52e+003,100,0,2e+005,4.52e+003,51,0.25,1,0.906,0.116,0.116,N,6,Default,Globular Proteins,1.02,0.185,0,Sphere,10 ul,JoshBuffer_wDTT,1.33,0.641,3.12e+003,Aqueous,0.738,6.74e-007,5.34,10.7,1.28,23.9,0.239,170,1,9.27,1.82e+004,1.53e+004,0.00121,100%,5,5,0,4.77e+004,4,2,,,,,2,1.17e-008,308,616,75.7,24.6,0.0603,2.24e+006,2.42,0.022
105,42.265C,OK,2019-07-22,18:05:24,1.73e+008,42.3,0.0405,2.05e+005,2.62e+003,100,0,2.05e+005,2.62e+003,51,0.25,1,0.906,0.121,0.121,N,6,Default,Globular Proteins,1.02,0.185,0,Sphere,10 ul,JoshBuffer_wDTT,1.33,0.639,3.12e+003,Aqueous,0.741,6.67e-007,5.42,10.8,1.29,23.9,0.239,176,1,6.67,1.81e+004,1.5e+004,0.00118,100%,5,5,0,4.99e+004,2,1,,,,,1,4.21e-007,8.59,17.2,5.04,58.7,0.345,516,100,100
106,42.429C,OK,2019-07-22,18:06:04,1.73e+008,42.4,0.04,2.15e+005,2.54e+003,100,0,2.15e+005,2.54e+003,51,0.25,1,0.906,0.126,0.126,N,6,Default,Globular Proteins,1.02,0.185,0,Sphere,10 ul,JoshBuffer_wDTT,1.33,0.637,3.12e+003,Aqueous,0.747,6.41e-007,5.65,11.3,1.35,23.8,0.238,194,0.999,11.5,1.78e+004,1.39e+004,0.00127,100%,5,5,0,5.23e+004,2,1,,,,,1,4.16e-007,8.71,17.4,4.93,56.5,0.32,533,100,100
107,42.594C,OK,2019-07-22,18:06:43,1.73e+008,42.6,0.04,2.29e+005,6.99e+003,100,0,2.29e+005,6.99e+003,51,0.25,1,0.905,0.14,0.14,N,6,Default,Globular Proteins,1.02,0.185,0,Sphere,10 ul,JoshBuffer_wDTT,1.33,0.635,3.12e+003,Aqueous,0.754,6.14e-007,5.93,11.9,1.41,23.7,0.237,217,1,10.2,1.46e+004,1.59e+004,0.00119,100%,5,5,0,5.85e+004,2,1,,,,,1,3.63e-007,10,20.1,6.47,64.5,0.416,742,100,100
108,42.758C,OK,2019-07-22,18:07:22,1.73e+008,42.8,0.0391,2.38e+005,2.85e+003,100,0,2.38e+005,2.85e+003,51,0.25,1,0.906,0.141,0.141,N,6,Default,Globular Proteins,1.02,0.185,0,Sphere,10 ul,JoshBuffer_wDTT,1.33,0.633,3.12e+003,Aqueous,0.754,6.01e-007,6.08,12.2,1.45,23.9,0.239,230,0.999,11.5,1.62e+004,1.37e+004,0.00109,100%,5,5,0,5.94e+004,2,1,,,,,1,3.9e-007,9.37,18.7,5.11,54.6,0.298,632,100,100
109,42.920C,OK,2019-07-22,18:08:01,1.73e+008,42.9,0.0393,2.51e+005,5.59e+003,100,0,2.51e+005,5.59e+003,51,0.25,1,0.906,0.151,0.151,N,6,Default,Globular Proteins,1.02,0.185,0,Sphere,10 ul,JoshBuffer_wDTT,1.33,0.631,3.12e+003,Aqueous,0.762,5.69e-007,6.44,12.9,1.54,23.9,0.239,263,0.999,13.9,1.51e+004,1.32e+004,0.00104,100%,5,5,0,6.36e+004,2,1,,,,,1,3.56e-007,10.3,20.6,6.16,59.9,0.359,785,100,100
110,43.085C,OK,2019-07-22,18:08:41,1.73e+008,43.1,0.0408,2.73e+005,1.97e+004,100,0,2.73e+005,1.97e+004,51,0.25,1,0.906,0.16,0.16,N,6,Default,Globular Proteins,1.02,0.185,0,Sphere,10 ul,JoshBuffer_wDTT,1.33,0.63,3.12e+003,Aqueous,0.763,5.54e-007,6.64,13.3,1.58,23.8,0.238,282,1,13.2,1.54e+004,1.2e+004,0.00111,80%,5,4,1,No Offset,3,1,,,,,1,3.68e-007,9.99,20,5.46,54.7,0.299,734,100,100
111,43.251C,OK,2019-07-22,18:09:20,1.73e+008,43.3,0.0405,2.87e+005,6.31e+003,100,0,2.87e+005,6.31e+003,51,0.25,1,0.906,0.172,0.171,N,6,Default,Globular Proteins,1.02,0.185,0,Sphere,10 ul,JoshBuffer_wDTT,1.33,0.628,3.12e+003,Aqueous,0.768,5.26e-007,7.02,14,1.67,23.8,0.238,322,1,12.4,1.3e+004,1.32e+004,0.00104,100%,5,5,0,No Offset,2,1,,,,,1,3.27e-007,11.3,22.6,6.71,59.3,0.352,981,100,100
112,43.415C,OK,2019-07-22,18:10:00,1.73e+008,43.4,0.0403,3.14e+005,2.21e+004,100,0,3.14e+005,2.21e+004,51,0.25,1,0.905,0.185,0.185,N,6,Default,Globular Proteins,1.02,0.185,0,Sphere,10 ul,JoshBuffer_wDTT,1.33,0.626,3.12e+003,Aqueous,0.776,4.87e-007,7.6,15.2,1.8,23.7,0.237,388,1,14.1,1.15e+004,1.27e+004,0.00102,100%,5,5,0,No Offset,3,1,,,,,1,3.28e-007,11.3,22.6,6.23,55.1,0.304,979,100,100
113,43.579C,OK,2019-07-22,18:10:39,1.73e+008,43.6,0.0402,3.27e+005,7.08e+003,100,0,3.27e+005,7.08e+003,51,0.25,1,0.905,0.2,0.2,N,6,Default,Globular Proteins,1.02,0.185,0,Sphere,10 ul,JoshBuffer_wDTT,1.33,0.624,3.12e+003,Aqueous,0.775,4.81e-007,7.72,15.4,1.84,23.9,0.239,402,0.999,15.4,1.29e+004,1.1e+004,0.000867,100%,5,5,0,No Offset,2,1,,,,,1,3.2e-007,11.6,23.2,6.13,52.8,0.278,1.05e+003,100,100
114,43.744C,OK,2019-07-22,18:11:19,1.73e+008,43.7,0.0405,3.45e+005,8.47e+003,100,0,3.45e+005,8.47e+003,51,0.25,1,0.905,0.212,0.212,N,6,Default,Globular Proteins,1.02,0.185,0,Sphere,10 ul,JoshBuffer_wDTT,1.33,0.622,3.12e+003,Aqueous,0.776,4.65e-007,8.01,16,1.91,23.9,0.239,438,1,9.03,1.22e+004,1.09e+004,0.000744,100%,5,5,0,No Offset,3,1,,,,,1,2.92e-007,12.8,25.5,7.88,61.7,0.381,1.3e+003,100,100
115,43.908C,OK,2019-07-22,18:11:58,1.73e+008,43.9,0.0394,4.51e+005,1.09e+005,100,0,4.51e+005,1.09e+005,51,0.25,1,0.905,0.235,0.235,N,6,Default,Globular Proteins,1.02,0.185,0,Sphere,10 ul,JoshBuffer_wDTT,1.33,0.621,3.12e+003,Aqueous,0.777,4.39e-007,8.52,17,2.03,23.9,0.239,505,0.999,13.8,1.18e+004,1e+004,0.00107,60%,5,3,2,No Offset,3,1,,,,,1,2.83e-007,13.2,26.4,7.52,57,0.325,1.41e+003,100,100
116,44.073C,OK,2019-07-22,18:12:38,1.73e+008,44.1,0.0402,4.11e+005,1.06e+004,100,0,4.11e+005,1.06e+004,51,0.25,1,0.905,0.254,0.254,N,6,Default,Globular Proteins,1.02,0.185,0,Sphere,10 ul,JoshBuffer_wDTT,1.33,0.619,3.12e+003,Aqueous,0.779,4.13e-007,9.1,18.2,2.17,23.9,0.239,590,0.999,14.7,1.13e+004,9.11e+003,0.000708,100%,5,5,0,No Offset,3,2,,,,,1,1.52e-006,2.48,4.96,0.586,23.7,0.056,28.1,5.83,82
116,44.073C,OK,2019-07-22,18:12:38,1.73e+008,44.1,0.0402,4.11e+005,1.06e+004,100,0,4.11e+005,1.06e+004,51,0.25,1,0.905,0.254,0.254,N,6,Default,Globular Proteins,1.02,0.185,0,Sphere,10 ul,JoshBuffer_wDTT,1.33,0.619,3.12e+003,Aqueous,0.779,4.13e-007,9.1,18.2,2.17,23.9,0.239,590,0.999,14.7,1.13e+004,9.11e+003,0.000708,100%,5,5,0,No Offset,3,2,,,,,2,2.7e-007,13.9,27.8,5.99,43,0.185,1.6e+003,94.2,18
117,44.239C,OK,2019-07-22,18:13:17,1.73e+008,44.2,0.0397,4.57e+005,8.27e+003,100,0,4.57e+005,8.27e+003,51,0.25,1,0.905,0.279,0.279,N,6,Default,Globular Proteins,1.02,0.185,0,Sphere,10 ul,JoshBuffer_wDTT,1.33,0.617,3.12e+003,Aqueous,0.774,3.95e-007,9.52,19,2.27,23.9,0.239,657,0.999,15.5,1.07e+004,8.88e+003,0.000778,100%,5,5,0,No Offset,2,1,,,,,1,2.68e-007,14.1,28.1,7.11,50.6,0.256,1.63e+003,100,100
118,44.403C,OK,2019-07-22,18:13:57,1.73e+008,44.4,0.0396,5.65e+005,9.21e+004,100,0,5.65e+005,9.21e+004,51,0.25,1,0.905,0.311,0.311,N,6,Default,Globular Proteins,1.02,0.185,0,Sphere,10 ul,JoshBuffer_wDTT,1.33,0.615,3.12e+003,Aqueous,0.77,3.75e-007,10.1,20.1,2.41,23.9,0.239,749,0.999,10.9,9.96e+003,8.67e+003,0.00104,60%,5,3,2,No Offset,2,1,,,,,1,2.45e-007,15.4,30.8,8.55,55.6,0.309,2.02e+003,100,100
119,44.568C,OK,2019-07-22,18:14:36,1.73e+008,44.6,0.0398,5.43e+005,1.55e+004,100,0,5.43e+005,1.55e+004,51,0.25,1,0.905,0.341,0.341,N,6,Default,Globular Proteins,1.02,0.185,0,Sphere,10 ul,JoshBuffer_wDTT,1.33,0.613,3.12e+003,Aqueous,0.772,3.59e-007,10.6,21.1,2.52,23.8,0.238,839,0.999,11.7,1e+004,7.71e+003,0.000646,100%,5,5,0,No Offset,2,1,,,,,1,2.44e-007,15.6,31.2,8.22,52.8,0.279,2.08e+003,100,100
120,44.735C,OK,2019-07-22,18:15:16,1.73e+008,44.7,0.04,5.98e+005,1.48e+004,100,0,5.98e+005,1.48e+004,51,0.25,1,0.905,0.378,0.377,N,6,Default,Globular Proteins,1.02,0.185,0,Sphere,10 ul,JoshBuffer_wDTT,1.33,0.612,3.12e+003,Aqueous,0.774,3.4e-007,11.2,22.4,2.61,23.4,0.234,957,0.999,12.8,9.9e+003,6.73e+003,0.000863,100%,5,5,0,No Offset,2,2,,,,,1,1.87e-006,2.03,4.06,0.599,29.5,0.0871,17.7,2.52,83.8
120,44.735C,OK,2019-07-22,18:15:16,1.73e+008,44.7,0.04,5.98e+005,1.48e+004,100,0,5.98e+005,1.48e+004,51,0.25,1,0.905,0.378,0.377,N,6,Default,Globular Proteins,1.02,0.185,0,Sphere,10 ul,JoshBuffer_wDTT,1.33,0.612,3.12e+003,Aqueous,0.774,3.4e-007,11.2,22.4,2.61,23.4,0.234,957,0.999,12.8,9.9e+003,6.73e+003,0.000863,100%,5,5,0,No Offset,2,2,,,,,2,2.37e-007,16,32,7.27,45.4,0.206,2.21e+003,97.5,16.2
121,44.901C,OK,2019-07-22,18:15:56,1.73e+008,44.9,0.0393,6.63e+005,1.66e+004,100,0,6.63e+005,1.66e+004,51,0.25,1,0.906,0.423,0.423,N,6,Default,Globular Proteins,1.02,0.185,0,Sphere,10 ul,JoshBuffer_wDTT,1.33,0.61,3.12e+003,Aqueous,0.766,3.24e-007,11.8,23.5,2.63,22.3,0.223,1.08e+003,1,12.5,9.78e+003,5.85e+003,0.000581,100%,5,5,0,No Offset,3,2,,,,,1,1.3e-006,2.93,5.85,0.396,13.5,0.0183,41.5,5.94,87.1
121,44.901C,OK,2019-07-22,18:15:56,1.73e+008,44.9,0.0393,6.63e+005,1.66e+004,100,0,6.63e+005,1.66e+004,51,0.25,1,0.906,0.423,0.423,N,6,Default,Globular Proteins,1.02,0.185,0,Sphere,10 ul,JoshBuffer_wDTT,1.33,0.61,3.12e+003,Aqueous,0.766,3.24e-007,11.8,23.5,2.63,22.3,0.223,1.08e+003,1,12.5,9.78e+003,5.85e+003,0.000581,100%,5,5,0,No Offset,3,2,,,,,2,2.42e-007,15.8,31.6,4.19,26.5,0.0705,2.14e+003,94.1,12.9
122,45.066C,OK,2019-07-22,18:16:36,1.73e+008,45.1,0.0397,7.43e+005,2.2e+004,100,0,7.43e+005,2.2e+004,51,0.25,1,0.906,0.476,0.476,N,6,Default,Globular Proteins,1.02,0.185,0,Sphere,10 ul,JoshBuffer_wDTT,1.33,0.608,3.12e+003,Aqueous,0.76,3.03e-007,12.7,25.3,2.77,21.9,0.219,1.28e+003,0.999,16.3,9.21e+003,5.29e+003,0.000753,100%,5,5,0,No Offset,2,2,,,,,1,1.69e-006,2.27,4.54,0.301,13.3,0.0176,22.9,4.02,91.8
122,45.066C,OK,2019-07-22,18:16:36,1.73e+008,45.1,0.0397,7.43e+005,2.2e+004,100,0,7.43e+005,2.2e+004,51,0.25,1,0.906,0.476,0.476,N,6,Default,Globular Proteins,1.02,0.185,0,Sphere,10 ul,JoshBuffer_wDTT,1.33,0.608,3.12e+003,Aqueous,0.76,3.03e-007,12.7,25.3,2.77,21.9,0.219,1.28e+003,0.999,16.3,9.21e+003,5.29e+003,0.000753,100%,5,5,0,No Offset,2,2,,,,,2,2.33e-007,16.5,33,4.37,26.5,0.0703,2.37e+003,96,8.22
123,45.261C,OK,2019-07-22,18:17:16,1.73e+008,45.3,0.0524,8.54e+005,1.81e+004,100,0,8.54e+005,1.81e+004,51,0.25,1,0.906,0.55,0.549,N,6,Default,Globular Proteins,1.02,0.185,0,Sphere,10 ul,JoshBuffer_wDTT,1.33,0.606,3.12e+003,Aqueous,0.755,2.86e-007,13.5,27,2.9,21.5,0.215,1.48e+003,0.999,11.2,8.74e+003,4.86e+003,0.000787,80%,5,4,1,No Offset,2,2,,,,,1,1.76e-006,2.19,4.38,0.299,13.7,0.0186,21.1,3.07,90.7
123,45.261C,OK,2019-07-22,18:17:16,1.73e+008,45.3,0.0524,8.54e+005,1.81e+004,100,0,8.54e+005,1.81e+004,51,0.25,1,0.906,0.55,0.549,N,6,Default,Globular Proteins,1.02,0.185,0,Sphere,10 ul,JoshBuffer_wDTT,1.33,0.606,3.12e+003,Aqueous,0.755,2.86e-007,13.5,27,2.9,21.5,0.215,1.48e+003,0.999,11.2,8.74e+003,4.86e+003,0.000787,80%,5,4,1,No Offset,2,2,,,,,2,2.21e-007,17.4,34.8,5.33,30.6,0.0939,2.69e+003,96.9,9.31
124,45.435C,OK,2019-07-22,18:18:04,1.73e+008,45.4,0.0392,9.51e+005,2.35e+004,100,0,9.51e+005,2.35e+004,51,0.25,1,0.907,0.625,0.625,N,6,Default,Globular Proteins,1.02,0.185,0,Sphere,10 ul,JoshBuffer_wDTT,1.33,0.604,3.12e+003,Aqueous,0.756,2.71e-007,14.2,28.5,3.01,21.1,0.211,1.68e+003,1,9.95,8.33e+003,4.52e+003,0.000658,100%,5,5,0,No Offset,3,2,,,,,1,2.07e-006,1.87,3.73,0.175,9.41,0.00885,14.5,1.84,89.4
124,45.435C,OK,2019-07-22,18:18:04,1.73e+008,45.4,0.0392,9.51e+005,2.35e+004,100,0,9.51e+005,2.35e+004,51,0.25,1,0.907,0.625,0.625,N,6,Default,Globular Proteins,1.02,0.185,0,Sphere,10 ul,JoshBuffer_wDTT,1.33,0.604,3.12e+003,Aqueous,0.756,2.71e-007,14.2,28.5,3.01,21.1,0.211,1.68e+003,1,9.95,8.33e+003,4.52e+003,0.000658,100%,5,5,0,No Offset,3,2,,,,,2,2e-007,19.3,38.6,9.31,48.3,0.233,3.43e+003,98.2,10.6
125,45.598C,OK,2019-07-22,18:18:44,1.73e+008,45.6,0.039,1.08e+006,3.17e+004,100,0,1.08e+006,3.17e+004,51,0.25,1,0.906,0.716,0.716,N,6,Default,Globular Proteins,1.02,0.185,0,Sphere,10 ul,JoshBuffer_wDTT,1.33,0.603,3.12e+003,Aqueous,0.745,2.58e-007,15,30,3.1,20.7,0.207,1.9e+003,1,9.33,7.99e+003,4.19e+003,0.000639,100%,5,5,0,No Offset,4,3,,,,,1,1.34e-006,2.88,5.77,0.393,13.6,0.0186,40.1,3.42,87.2
125,45.598C,OK,2019-07-22,18:18:44,1.73e+008,45.6,0.039,1.08e+006,3.17e+004,100,0,1.08e+006,3.17e+004,51,0.25,1,0.906,0.716,0.716,N,6,Default,Globular Proteins,1.02,0.185,0,Sphere,10 ul,JoshBuffer_wDTT,1.33,0.603,3.12e+003,Aqueous,0.745,2.58e-007,15,30,3.1,20.7,0.207,1.9e+003,1,9.33,7.99e+003,4.19e+003,0.000639,100%,5,5,0,No Offset,4,3,,,,,2,2.24e-007,17.3,34.6,3.46,20,0.0402,2.65e+003,89.4,12.8
125,45.598C,OK,2019-07-22,18:18:44,1.73e+008,45.6,0.039,1.08e+006,3.17e+004,100,0,1.08e+006,3.17e+004,51,0.25,1,0.906,0.716,0.716,N,6,Default,Globular Proteins,1.02,0.185,0,Sphere,10 ul,JoshBuffer_wDTT,1.33,0.603,3.12e+003,Aqueous,0.745,2.58e-007,15,30,3.1,20.7,0.207,1.9e+003,1,9.33,7.99e+003,4.19e+003,0.000639,100%,5,5,0,No Offset,4,3,,,,,3,5.73e-008,67.6,135,1.51,2.24,0.000501,6.45e+004,7.13,0.0457
126,45.763C,OK,2019-07-22,18:19:23,1.73e+008,45.8,0.0396,1.22e+006,4.22e+004,100,0,1.22e+006,4.22e+004,51,0.25,1,0.907,0.817,0.816,N,6,Default,Globular Proteins,1.02,0.185,0,Sphere,10 ul,JoshBuffer_wDTT,1.33,0.601,3.12e+003,Aqueous,0.731,2.46e-007,15.8,31.6,3.12,19.7,0.197,2.15e+003,1,9.77,7.67e+003,3.81e+003,0.000685,100%,5,5,0,No Offset,4,2,,,,,1,1.15e-006,3.38,6.77,0,0,0,58.3,4.44,86.8
126,45.763C,OK,2019-07-22,18:19:23,1.73e+008,45.8,0.0396,1.22e+006,4.22e+004,100,0,1.22e+006,4.22e+004,51,0.25,1,0.907,0.817,0.816,N,6,Default,Globular Proteins,1.02,0.185,0,Sphere,10 ul,JoshBuffer_wDTT,1.33,0.601,3.12e+003,Aqueous,0.731,2.46e-007,15.8,31.6,3.12,19.7,0.197,2.15e+003,1,9.77,7.67e+003,3.81e+003,0.000685,100%,5,5,0,No Offset,4,2,,,,,2,2.01e-007,19.3,38.6,3.27,17,0.0288,3.43e+003,95.6,13.2
127,45.930C,OK,2019-07-22,18:20:03,1.73e+008,45.9,0.0401,1.38e+006,6.29e+004,100,0,1.38e+006,6.29e+004,51,0.25,1,0.907,0.943,0.942,N,6,Default,Globular Proteins,1.02,0.185,0,Sphere,10 ul,JoshBuffer_wDTT,1.33,0.599,3.12e+003,Aqueous,0.716,2.34e-007,16.6,33.3,3.22,19.4,0.194,2.42e+003,1,6.6,7.32e+003,3.56e+003,0.000683,100%,5,5,0,No Offset,4,3,,,,,1,1.51e-006,2.58,5.16,0,0,0,31,2.15,86.3
127,45.930C,OK,2019-07-22,18:20:03,1.73e+008,45.9,0.0401,1.38e+006,6.29e+004,100,0,1.38e+006,6.29e+004,51,0.25,1,0.907,0.943,0.942,N,6,Default,Globular Proteins,1.02,0.185,0,Sphere,10 ul,JoshBuffer_wDTT,1.33,0.599,3.12e+003,Aqueous,0.716,2.34e-007,16.6,33.3,3.22,19.4,0.194,2.42e+003,1,6.6,7.32e+003,3.56e+003,0.000683,100%,5,5,0,No Offset,4,3,,,,,2,2.13e-007,18.3,36.7,3.47,19,0.0359,3.04e+003,90.5,13.6
127,45.930C,OK,2019-07-22,18:20:03,1.73e+008,45.9,0.0401,1.38e+006,6.29e+004,100,0,1.38e+006,6.29e+004,51,0.25,1,0.907,0.943,0.942,N,6,Default,Globular Proteins,1.02,0.185,0,Sphere,10 ul,JoshBuffer_wDTT,1.33,0.599,3.12e+003,Aqueous,0.716,2.34e-007,16.6,33.3,3.22,19.4,0.194,2.42e+003,1,6.6,7.32e+003,3.56e+003,0.000683,100%,5,5,0,No Offset,4,3,,,,,3,4.64e-008,83.9,168,9.23,11,0.0121,1.07e+005,7.31,0.073
128,46.098C,OK,2019-07-22,18:20:43,1.73e+008,46.1,0.04,1.57e+006,3.34e+004,100,0,1.57e+006,3.34e+004,51,0.25,1,0.906,1.09,1.09,N,6,Default,Globular Proteins,1.02,0.185,0,Sphere,10 ul,JoshBuffer_wDTT,1.33,0.597,3.12e+003,Aqueous,0.703,2.2e-007,17.8,35.5,3.24,18.2,0.182,2.82e+003,1,6.7,6.93e+003,3.18e+003,0.00059,100%,5,5,0,No Offset,3,2,,,,,1,1.82e-006,2.15,4.29,0.303,14.1,0.0199,20.1,1.44,89.1
128,46.098C,OK,2019-07-22,18:20:43,1.73e+008,46.1,0.04,1.57e+006,3.34e+004,100,0,1.57e+006,3.34e+004,51,0.25,1,0.906,1.09,1.09,N,6,Default,Globular Proteins,1.02,0.185,0,Sphere,10 ul,JoshBuffer_wDTT,1.33,0.597,3.12e+003,Aqueous,0.703,2.2e-007,17.8,35.5,3.24,18.2,0.182,2.82e+003,1,6.7,6.93e+003,3.18e+003,0.00059,100%,5,5,0,No Offset,3,2,,,,,2,1.78e-007,21.9,43.8,7.39,33.7,0.114,4.62e+003,98.6,10.9
129,46.266C,OK,2019-07-22,18:21:23,1.73e+008,46.3,0.0399,1.77e+006,5.37e+004,100,0,1.77e+006,5.37e+004,51,0.25,1,0.905,1.27,1.27,N,6,Default,Globular Proteins,1.02,0.185,0,Sphere,10 ul,JoshBuffer_wDTT,1.33,0.596,3.12e+003,Aqueous,0.683,2.09e-007,18.8,37.7,3.36,17.8,0.178,3.24e+003,1,5.75,6.58e+003,2.95e+003,0.000663,100%,5,5,0,No Offset,3,2,,,,,1,1.38e-006,2.85,5.71,0.376,13.2,0.0174,39.1,1.88,85.3
129,46.266C,OK,2019-07-22,18:21:23,1.73e+008,46.3,0.0399,1.77e+006,5.37e+004,100,0,1.77e+006,5.37e+004,51,0.25,1,0.905,1.27,1.27,N,6,Default,Globular Proteins,1.02,0.185,0,Sphere,10 ul,JoshBuffer_wDTT,1.33,0.596,3.12e+003,Aqueous,0.683,2.09e-007,18.8,37.7,3.36,17.8,0.178,3.24e+003,1,5.75,6.58e+003,2.95e+003,0.000663,100%,5,5,0,No Offset,3,2,,,,,2,1.7e-007,23,46.1,7.09,30.8,0.0946,5.19e+003,98.1,14.7
130,46.431C,OK,2019-07-22,18:22:03,1.73e+008,46.4,0.0391,2.04e+006,6.44e+004,100,0,2.04e+006,6.44e+004,51,0.25,1,0.905,1.49,1.49,N,6,Default,Globular Proteins,1.02,0.185,0,Sphere,10 ul,JoshBuffer_wDTT,1.33,0.594,3.12e+003,Aqueous,0.657,1.98e-007,19.9,39.8,3.67,18.5,0.185,3.68e+003,1,5.51,6.22e+003,2.89e+003,0.000547,100%,5,5,0,No Offset,2,2,,,,,1,1.48e-006,2.67,5.33,0.351,13.2,0.0174,33.4,1.61,87
130,46.431C,OK,2019-07-22,18:22:03,1.73e+008,46.4,0.0391,2.04e+006,6.44e+004,100,0,2.04e+006,6.44e+004,51,0.25,1,0.905,1.49,1.49,N,6,Default,Globular Proteins,1.02,0.185,0,Sphere,10 ul,JoshBuffer_wDTT,1.33,0.594,3.12e+003,Aqueous,0.657,1.98e-007,19.9,39.8,3.67,18.5,0.185,3.68e+003,1,5.51,6.22e+003,2.89e+003,0.000547,100%,5,5,0,No Offset,2,2,,,,,2,1.61e-007,24.5,49,8,32.6,0.106,6e+003,98.4,13
131,46.595C,OK,2019-07-22,18:22:43,1.73e+008,46.6,0.0394,2.33e+006,7.45e+004,100,0,2.33e+006,7.45e+004,51,0.25,1,0.904,1.77,1.76,N,6,Default,Globular Proteins,1.02,0.185,0,Sphere,10 ul,JoshBuffer_wDTT,1.33,0.592,3.12e+003,Aqueous,0.63,1.87e-007,21.1,42.3,3.76,17.8,0.178,4.24e+003,0.999,6.99,5.9e+003,2.64e+003,0.00073,100%,5,5,0,No Offset,2,2,,,,,1,1.51e-006,2.62,5.23,0.0282,1.08,0.000116,32,1.91,91.8
131,46.595C,OK,2019-07-22,18:22:43,1.73e+008,46.6,0.0394,2.33e+006,7.45e+004,100,0,2.33e+006,7.45e+004,51,0.25,1,0.904,1.77,1.76,N,6,Default,Globular Proteins,1.02,0.185,0,Sphere,10 ul,JoshBuffer_wDTT,1.33,0.592,3.12e+003,Aqueous,0.63,1.87e-007,21.1,42.3,3.76,17.8,0.178,4.24e+003,0.999,6.99,5.9e+003,2.64e+003,0.00073,100%,5,5,0,No Offset,2,2,,,,,2,1.58e-007,25,50.1,5.73,22.9,0.0524,6.3e+003,98.1,8.19
132,46.761C,OK,2019-07-22,18:23:23,1.73e+008,46.8,0.0396,2.67e+006,9.06e+004,100,0,2.67e+006,9.06e+004,51,0.25,1,0.903,2.09,2.09,N,6,Default,Globular Proteins,1.02,0.185,0,Sphere,10 ul,JoshBuffer_wDTT,1.33,0.591,3.12e+003,Aqueous,0.599,1.77e-007,22.5,44.9,4.08,18.2,0.182,4.89e+003,1,3.99,5.56e+003,2.54e+003,0.000533,100%,5,5,0,No Offset,2,2,,,,,1,1.45e-006,2.73,5.46,0.395,14.5,0.021,35.2,1.33,87.7
132,46.761C,OK,2019-07-22,18:23:23,1.73e+008,46.8,0.0396,2.67e+006,9.06e+004,100,0,2.67e+006,9.06e+004,51,0.25,1,0.903,2.09,2.09,N,6,Default,Globular Proteins,1.02,0.185,0,Sphere,10 ul,JoshBuffer_wDTT,1.33,0.591,3.12e+003,Aqueous,0.599,1.77e-007,22.5,44.9,4.08,18.2,0.182,4.89e+003,1,3.99,5.56e+003,2.54e+003,0.000533,100%,5,5,0,No Offset,2,2,,,,,2,1.44e-007,27.7,55.3,9.51,34.4,0.118,7.95e+003,98.7,12.3
133,46.927C,OK,2019-07-22,18:24:03,1.73e+008,46.9,0.0396,3.07e+006,9.33e+004,100,0,3.07e+006,9.33e+004,51,0.25,1,0.903,2.5,2.5,N,6,Default,Globular Proteins,1.02,0.185,0,Sphere,10 ul,JoshBuffer_wDTT,1.33,0.589,3.12e+003,Aqueous,0.567,1.65e-007,24.1,48.3,3.9,16.2,0.162,5.78e+003,1,6.65,5.23e+003,2.17e+003,0.000709,100%,5,5,0,No Offset,2,2,,,,,1,1.17e-006,3.41,6.81,0.204,5.98,0.00358,59.2,2.3,90.7
133,46.927C,OK,2019-07-22,18:24:03,1.73e+008,46.9,0.0396,3.07e+006,9.33e+004,100,0,3.07e+006,9.33e+004,51,0.25,1,0.903,2.5,2.5,N,6,Default,Globular Proteins,1.02,0.185,0,Sphere,10 ul,JoshBuffer_wDTT,1.33,0.589,3.12e+003,Aqueous,0.567,1.65e-007,24.1,48.3,3.9,16.2,0.162,5.78e+003,1,6.65,5.23e+003,2.17e+003,0.000709,100%,5,5,0,No Offset,2,2,,,,,2,1.42e-007,28.1,56.1,4.69,16.7,0.0279,8.23e+003,97.7,9.27
134,Meas 142,OK,2019-07-22,18:24:43,1.73e+008,47.1,0.0257,3.43e+006,2.82e+004,100,0,3.43e+006,2.82e+004,51,0.25,1,0.902,2.93,2.93,N,6,Default,Globular Proteins,1.02,0.185,0,Sphere,10 ul,JoshBuffer_wDTT,1.33,0.588,3.12e+003,Aqueous,0.531,1.6e-007,25,49.9,4.23,16.9,0.169,6.27e+003,1,4.67,5.06e+003,2.18e+003,0.000636,100%,3,3,0,No Offset,2,2,,,,,1,1.17e-006,3.42,6.84,0.199,5.8,0.00337,59.9,1.89,88.3
134,Meas 142,OK,2019-07-22,18:24:43,1.73e+008,47.1,0.0257,3.43e+006,2.82e+004,100,0,3.43e+006,2.82e+004,51,0.25,1,0.902,2.93,2.93,N,6,Default,Globular Proteins,1.02,0.185,0,Sphere,10 ul,JoshBuffer_wDTT,1.33,0.588,3.12e+003,Aqueous,0.531,1.6e-007,25,49.9,4.23,16.9,0.169,6.27e+003,1,4.67,5.06e+003,2.18e+003,0.000636,100%,3,3,0,No Offset,2,2,,,,,2,1.35e-007,29.5,59,6.99,23.7,0.056,9.27e+003,98.1,11.7
