Meas Num,Item,Status,Date,Time Stamp,Time(s),Temp(C),Temp Std Dev(C),Intensity(Cnt/s),Intensity Std Dev(Cnt/s),Laser Power(%),Attenuation Level(%),Normalized Intensity(Cnt/s),Normalized Intensity Std Dev(Cnt/s),Set Temp(C),Temp Ramp Rate(C/sec),Laser Monitor(V),Forward Monitor(V),Static Scattering Detector(V),Normalized Static Scattering Detector,Disposable Cuvette,Acq Time(s),Sample,Mw-R Model,Conc(mg/mL),dn/dC(mL/g),A2(mol mL/g^2),RG Model,Cuvette,Solvent Name,Solv Rfr Idx,Solv Visc(cp),Cauchy Coef(nm²),Temperature Model,Amp,Diffusion Coefficient(cm²/s),Radius(nm),Diameter(nm),Pd(nm),%Pd,Pd Index,Mw-R(kDa),Baseline,SOS,Lambda(1/s),Sigma(1/s²),RMS Error,% Acqs Unmarked,# Acqs,# Acqs Unmarked,# Acqs Marked,Mw-S(Da),#Peaks,#Peaks in Range,D10(nm),D50(nm),D90(nm),Span (D90 - D10)/D50,Peak Num,Peak Diffusion Coefficient(cm²/s) (M),Peak Radius(nm) (M),Peak Diameter(nm) (M),Peak Pd(nm) (M),Peak %Pd (M),Peak Pd Index (M),Peak Mw-R(kDa) (M),Peak %Intensity (M),Peak %Mass (M)
1,Meas 6,OK,2018-08-09,13:18:50,143262000,14.9982,0.000122,403872,3650,100,0,403872,3650,15,5,1.00087,0.894651,0.198963,0.198789,N,6,Default,Globular Proteins,1.02,0.185,0,Sphere,10 ul,JoshBuffer_wDTT,1.333,1.16329,3119,Aqueous,0.670149,3.68616e-007,4.91966,9.83932,0.244412,4.96806,0.0496806,140.013,1.0002,1.87396,11800.7,2549.82,0.000795603,100%,5,5,0,No Offset,3,1,,,,,1,3.60623e-007,5.0287,10.0574,0.654228,13.0099,0.0169257,147.382,100,100
2,Meas 7,OK,2018-08-09,13:19:27,143262000,14.9983,0.000335,404106,6420,100,0,404106,6420,15,5,1.00087,0.89378,0.199093,0.19892,N,6,Default,Globular Proteins,1.02,0.185,0,Sphere,10 ul,JoshBuffer_wDTT,1.333,1.16329,3119,Aqueous,0.684178,3.72614e-007,4.86688,9.73376,0.481684,9.89718,0.0989718,136.524,1.00003,1.72588,11921.4,3660.16,0.000786323,100%,5,5,0,No Offset,2,1,,,,,1,3.24707e-007,5.58494,11.1699,1.87885,33.6414,0.113174,188.387,100,100
3,Meas 8,OK,2018-08-09,13:20:03,143262000,15.0014,0.00108,404383,2500,100,0,404383,2500,15,5,1.00087,0.893588,0.199318,0.199145,N,6,Default,Globular Proteins,1.02,0.185,0,Sphere,10 ul,JoshBuffer_wDTT,1.333,1.16319,3119,Aqueous,0.670304,3.69571e-007,4.90694,9.81389,0.387402,7.89497,0.0789497,139.168,0.999919,1.772,11829.7,3227.93,0.000630596,100%,5,5,0,No Offset,2,1,,,,,1,3.37278e-007,5.37677,10.7535,1.27117,23.6418,0.0558934,172.367,100,100
4,Meas 9,OK,2018-08-09,13:20:40,143262000,15.0029,0.000384,397949,2710,100,0,397949,2710,15,5,1.00087,0.893388,0.199604,0.19943,N,6,Default,Globular Proteins,1.02,0.185,0,Sphere,10 ul,JoshBuffer_wDTT,1.333,1.16315,3119,Aqueous,0.682178,3.67878e-007,4.92952,9.85905,0.30528,6.19289,0.0619289,140.671,0.999899,1.53678,11776.9,2841.85,0.00061313,100%,5,5,0,No Offset,2,1,,,,,1,3.44099e-007,5.27019,10.5404,0.9363,17.766,0.0315629,164.478,100,100
5,Meas 10,OK,2018-08-09,13:21:17,143262000,15.0004,0.000589,406992,5600,100,0,406992,5600,15,5,1.00088,0.892762,0.199818,0.199643,N,6,Default,Globular Proteins,1.02,0.185,0,Sphere,10 ul,JoshBuffer_wDTT,1.333,1.16322,3119,Aqueous,0.674175,3.70044e-007,4.90068,9.80136,0.359121,7.32799,0.0732799,138.752,1.00014,1.94781,11845.5,3111.81,0.000759368,100%,5,5,0,No Offset,3,2,,,,,1,3.62449e-007,5.00337,10.0067,0.627389,12.5393,0.0157235,145.651,97.0963,99.9776
5,Meas 10,OK,2018-08-09,13:21:17,143262000,15.0004,0.000589,406992,5600,100,0,406992,5600,15,5,1.00088,0.892762,0.199818,0.199643,N,6,Default,Globular Proteins,1.02,0.185,0,Sphere,10 ul,JoshBuffer_wDTT,1.333,1.16322,3119,Aqueous,0.674175,3.70044e-007,4.90068,9.80136,0.359121,7.32799,0.0732799,138.752,1.00014,1.94781,11845.5,3111.81,0.000759368,100%,5,5,0,No Offset,3,2,,,,,2,9.8193e-009,184.684,369.368,25.2406,13.6669,0.0186784,676346,2.90368,0.0223896
6,15.0C,OK,2018-08-09,13:21:54,143262000,15.0002,0.00189,410732,4510,100,0,410732,4510,51,0.25,1.00088,0.892601,0.200009,0.199833,N,6,Default,Globular Proteins,1.02,0.185,0,Sphere,10 ul,JoshBuffer_wDTT,1.333,1.16323,3119,Aqueous,0.656981,3.66818e-007,4.94377,9.88755,0.359652,7.27485,0.0727485,141.624,1.00001,1.90256,11742.3,3073.33,0.000785781,100%,5,5,0,No Offset,2,1,,,,,1,3.29982e-007,5.49565,10.9913,1.57222,28.6085,0.0818448,181.416,100,100
7,15.0C,OK,2018-08-09,13:22:31,143262000,15.0464,0.025,414452,5130,100,0,414452,5130,51,0.25,1.00088,0.892626,0.200114,0.199939,N,6,Default,Globular Proteins,1.02,0.185,0,Sphere,10 ul,JoshBuffer_wDTT,1.333,1.16178,3119,Aqueous,0.649614,3.65087e-007,4.96721,9.93443,0.282554,5.68838,0.0568838,143.2,0.999869,2.11966,11687.6,2702.57,0.000726711,100%,5,5,0,No Offset,2,1,,,,,1,3.44727e-007,5.26059,10.5212,0.733322,13.9399,0.0194321,163.778,100,100
8,15.2C,OK,2018-08-09,13:23:08,143262000,15.1796,0.0404,413844,3600,100,0,413844,3600,51,0.25,1.00088,0.892781,0.200145,0.199969,N,6,Default,Globular Proteins,1.02,0.185,0,Sphere,10 ul,JoshBuffer_wDTT,1.333,1.15761,3119,Aqueous,0.646978,3.67139e-007,4.96966,9.93933,0.373855,7.52275,0.0752275,143.365,1.00002,1.74516,11752.3,3128.77,0.000730937,100%,5,5,0,No Offset,3,2,,,,,1,3.33824e-007,5.46562,10.9312,1.46677,26.8362,0.0720184,179.105,99.6961,99.9893
8,15.2C,OK,2018-08-09,13:23:08,143262000,15.1796,0.0404,413844,3600,100,0,413844,3600,51,0.25,1.00088,0.892781,0.200145,0.199969,N,6,Default,Globular Proteins,1.02,0.185,0,Sphere,10 ul,JoshBuffer_wDTT,1.333,1.15761,3119,Aqueous,0.646978,3.67139e-007,4.96966,9.93933,0.373855,7.52275,0.0752275,143.365,1.00002,1.74516,11752.3,3128.77,0.000730937,100%,5,5,0,No Offset,3,2,,,,,2,1.84953e-009,986.499,1973,129.983,13.1762,0.0173613,34100900,0.303937,0.0107478
9,15.3C,OK,2018-08-09,13:23:45,143262000,15.3334,0.0386,417163,4080,100,0,417163,4080,51,0.25,1.00088,0.891799,0.200251,0.200076,N,6,Default,Globular Proteins,1.02,0.185,0,Sphere,10 ul,JoshBuffer_wDTT,1.333,1.15282,3119,Aqueous,0.643383,3.72062e-007,4.91884,9.83769,0.313499,6.37342,0.0637342,139.959,0.999905,1.74093,11910.8,2915.98,0.000689346,100%,5,5,0,No Offset,2,1,,,,,1,3.45888e-007,5.29106,10.5821,1.05848,20.0052,0.0400207,166.006,100,100
10,15.5C,OK,2018-08-09,13:24:22,143262000,15.4824,0.0383,414424,3820,100,0,414424,3820,51,0.25,1.00088,0.891554,0.200329,0.200153,N,6,Default,Globular Proteins,1.02,0.185,0,Sphere,10 ul,JoshBuffer_wDTT,1.333,1.14821,3119,Aqueous,0.641562,3.74835e-007,4.91219,9.82438,0.372212,7.57731,0.0757731,139.516,1.00001,1.88352,11998.6,3206.11,0.000689906,100%,5,5,0,No Offset,2,1,,,,,1,3.39543e-007,5.42275,10.8455,1.43156,26.3991,0.0696913,175.835,100,100
11,15.6C,OK,2018-08-09,13:24:59,143262000,15.6353,0.0403,418743,5070,100,0,418743,5070,51,0.25,1.00088,0.891845,0.2005,0.200325,N,6,Default,Globular Proteins,1.02,0.185,0,Sphere,10 ul,JoshBuffer_wDTT,1.333,1.14351,3119,Aqueous,0.64091,3.73171e-007,4.94906,9.89813,0.360974,7.29379,0.0729379,141.979,1.00019,2.08223,11945.7,3130.68,0.000739473,100%,5,5,0,No Offset,3,2,,,,,1,3.66123e-007,5.04433,10.0887,0.586054,11.6181,0.013498,148.456,97.6024,99.9706
11,15.6C,OK,2018-08-09,13:24:59,143262000,15.6353,0.0403,418743,5070,100,0,418743,5070,51,0.25,1.00088,0.891845,0.2005,0.200325,N,6,Default,Globular Proteins,1.02,0.185,0,Sphere,10 ul,JoshBuffer_wDTT,1.333,1.14351,3119,Aqueous,0.64091,3.73171e-007,4.94906,9.89813,0.360974,7.29379,0.0729379,141.979,1.00019,2.08223,11945.7,3130.68,0.000739473,100%,5,5,0,No Offset,3,2,,,,,2,5.42345e-009,340.53,681.059,43.2874,12.7118,0.0161589,2830830,2.39763,0.0293559
12,15.8C,OK,2018-08-09,13:25:36,143262000,15.7925,0.04,427640,5750,100,0,427640,5750,51,0.25,1.00087,0.892282,0.200796,0.200622,N,6,Default,Globular Proteins,1.02,0.185,0,Sphere,10 ul,JoshBuffer_wDTT,1.333,1.13871,3119,Aqueous,0.634908,3.67993e-007,5.04912,10.0982,0.479746,9.50157,0.0950157,148.786,1.00044,1.61639,11775.2,3537.6,0.000714671,100%,5,5,0,No Offset,2,1,,,,,1,3.56225e-007,5.21592,10.4318,0.857242,16.4351,0.0270113,160.542,100,100
13,15.9C,OK,2018-08-09,13:26:13,143262000,15.9482,0.0404,422121,7540,100,0,422121,7540,51,0.25,1.00087,0.892442,0.201527,0.201352,N,6,Default,Globular Proteins,1.02,0.185,0,Sphere,10 ul,JoshBuffer_wDTT,1.333,1.13399,3119,Aqueous,0.647476,3.71094e-007,5.02206,10.0441,0.61537,12.2533,0.122533,146.927,1.00041,1.73754,11855,4100.24,0.000711739,100%,5,5,0,No Offset,4,1,,,,,1,3.44381e-007,5.4116,10.8232,1.40531,25.9685,0.0674361,174.99,100,100
14,16.1C,OK,2018-08-09,13:26:51,143262000,16.1031,0.0402,408218,3080,100,0,408218,3080,51,0.25,1.00087,0.892297,0.203391,0.203214,N,6,Default,Globular Proteins,1.02,0.185,0,Sphere,10 ul,JoshBuffer_wDTT,1.333,1.12932,3119,Aqueous,0.665447,3.77629e-007,4.96495,9.92989,0.319448,6.43406,0.0643406,143.047,0.999837,1.51534,12088.9,2973.74,0.000700916,100%,5,5,0,No Offset,2,1,,,,,1,3.5002e-007,5.35657,10.7131,1.16975,21.8377,0.0476886,170.855,100,100
15,16.3C,OK,2018-08-09,13:27:28,143262000,16.259,0.0397,401957,6230,100,0,401957,6230,51,0.25,1.00088,0.892455,0.202107,0.20193,N,6,Default,Globular Proteins,1.02,0.185,0,Sphere,10 ul,JoshBuffer_wDTT,1.333,1.12466,3119,Aqueous,0.684501,3.80395e-007,4.9585,9.917,0.308712,6.22591,0.0622591,142.613,1.00003,1.92159,12177.6,2946.41,0.000793856,100%,5,5,0,No Offset,2,1,,,,,1,3.49218e-007,5.40119,10.8024,1.32474,24.5268,0.0601562,174.204,100,100
16,16.4C,OK,2018-08-09,13:28:05,143262000,16.415,0.0395,403079,4980,100,0,403079,4980,51,0.25,1.00087,0.892373,0.200379,0.200204,N,6,Default,Globular Proteins,1.02,0.185,0,Sphere,10 ul,JoshBuffer_wDTT,1.333,1.12002,3119,Aqueous,0.687027,3.81951e-007,4.95312,9.90623,0.267461,5.39985,0.0539985,142.251,0.999935,2.12718,12227.6,2754.62,0.000772782,100%,5,5,0,No Offset,2,1,,,,,1,3.60079e-007,5.25397,10.5079,0.854298,16.26,0.0264389,163.296,100,100
17,16.6C,OK,2018-08-09,13:28:42,143262000,16.5691,0.0401,403343,2640,100,0,403343,2640,51,0.25,1.00087,0.892202,0.200123,0.199949,N,6,Default,Globular Proteins,1.02,0.185,0,Sphere,10 ul,JoshBuffer_wDTT,1.333,1.11547,3119,Aqueous,0.677282,3.86636e-007,4.92242,9.84484,0.432423,8.78477,0.0878477,140.197,0.999933,1.95383,12374.1,3567.63,0.000791492,100%,5,5,0,No Offset,2,1,,,,,1,3.49001e-007,5.45325,10.9065,1.39422,25.5667,0.0653657,178.157,100,100
18,16.7C,OK,2018-08-09,13:29:19,143262000,16.7245,0.0395,407996,3060,100,0,407996,3060,51,0.25,1.00087,0.892336,0.200091,0.199917,N,6,Default,Globular Proteins,1.02,0.185,0,Sphere,10 ul,JoshBuffer_wDTT,1.333,1.11091,3119,Aqueous,0.66938,3.84899e-007,4.9594,9.91881,0.339343,6.84242,0.0684242,142.674,1.00002,2.3563,12321.5,3126.43,0.00077558,100%,5,5,0,No Offset,2,1,,,,,1,3.51617e-007,5.42883,10.8577,1.34081,24.6979,0.0609988,176.297,100,100
19,16.9C,OK,2018-08-09,13:29:57,143262000,16.8788,0.0394,412914,4930,100,0,412914,4930,51,0.25,1.00087,0.891876,0.200051,0.199877,N,6,Default,Globular Proteins,1.02,0.185,0,Sphere,10 ul,JoshBuffer_wDTT,1.333,1.10641,3119,Aqueous,0.647767,3.88012e-007,4.94897,9.89794,0.453934,9.1723,0.091723,141.972,1.00004,1.47764,12417,3661.67,0.000597495,100%,5,5,0,No Offset,4,3,,,,,1,3.58602e-007,5.35484,10.7097,1.29254,24.1378,0.0582636,170.726,98.766,99.9646
19,16.9C,OK,2018-08-09,13:29:57,143262000,16.8788,0.0394,412914,4930,100,0,412914,4930,51,0.25,1.00087,0.891876,0.200051,0.199877,N,6,Default,Globular Proteins,1.02,0.185,0,Sphere,10 ul,JoshBuffer_wDTT,1.333,1.10641,3119,Aqueous,0.647767,3.88012e-007,4.94897,9.89794,0.453934,9.1723,0.091723,141.972,1.00004,1.47764,12417,3661.67,0.000597495,100%,5,5,0,No Offset,4,3,,,,,2,5.38757e-009,356.424,712.848,56.625,15.887,0.0252396,3149720,1.00708,0.0114498
19,16.9C,OK,2018-08-09,13:29:57,143262000,16.8788,0.0394,412914,4930,100,0,412914,4930,51,0.25,1.00087,0.891876,0.200051,0.199877,N,6,Default,Globular Proteins,1.02,0.185,0,Sphere,10 ul,JoshBuffer_wDTT,1.333,1.10641,3119,Aqueous,0.647767,3.88012e-007,4.94897,9.89794,0.453934,9.1723,0.091723,141.972,1.00004,1.47764,12417,3661.67,0.000597495,100%,5,5,0,No Offset,4,3,,,,,3,5.90116e-010,3254.04,6508.08,462.384,14.2095,0.0201911,556602000,0.226964,0.0239047
20,17.0C,OK,2018-08-09,13:30:34,143262000,17.035,0.0409,416407,2460,100,0,416407,2460,51,0.25,1.00088,0.892124,0.200919,0.200743,N,6,Default,Globular Proteins,1.02,0.185,0,Sphere,10 ul,JoshBuffer_wDTT,1.333,1.10188,3119,Aqueous,0.632041,3.8917e-007,4.94891,9.89782,0.457702,9.24854,0.0924854,141.969,1.00003,1.64979,12453.8,3688.53,0.000740061,100%,5,5,0,No Offset,3,2,,,,,1,3.55186e-007,5.42242,10.8448,1.47404,27.1841,0.0738975,175.81,98.8734,99.9868
20,17.0C,OK,2018-08-09,13:30:34,143262000,17.035,0.0409,416407,2460,100,0,416407,2460,51,0.25,1.00088,0.892124,0.200919,0.200743,N,6,Default,Globular Proteins,1.02,0.185,0,Sphere,10 ul,JoshBuffer_wDTT,1.333,1.10188,3119,Aqueous,0.632041,3.8917e-007,4.94891,9.89782,0.457702,9.24854,0.0924854,141.969,1.00003,1.64979,12453.8,3688.53,0.000740061,100%,5,5,0,No Offset,3,2,,,,,2,7.87647e-009,244.522,489.043,30.9868,12.6724,0.016059,1304260,1.12656,0.0132014
21,17.2C,OK,2018-08-09,13:31:12,143262000,17.1914,0.0404,424012,7010,100,0,424012,7010,51,0.25,1.00087,0.892003,0.201634,0.201458,N,6,Default,Globular Proteins,1.02,0.185,0,Sphere,10 ul,JoshBuffer_wDTT,1.333,1.09738,3119,Aqueous,0.614978,3.91319e-007,4.95098,9.90195,0.407426,8.22921,0.0822921,142.107,1.00015,2.12152,12525.3,3491.21,0.000797837,100%,5,5,0,No Offset,3,2,,,,,1,3.88725e-007,4.98401,9.96801,0.409033,8.20691,0.00673533,144.336,96.1771,99.9517
21,17.2C,OK,2018-08-09,13:31:12,143262000,17.1914,0.0404,424012,7010,100,0,424012,7010,51,0.25,1.00087,0.892003,0.201634,0.201458,N,6,Default,Globular Proteins,1.02,0.185,0,Sphere,10 ul,JoshBuffer_wDTT,1.333,1.09738,3119,Aqueous,0.614978,3.91319e-007,4.95098,9.90195,0.407426,8.22921,0.0822921,142.107,1.00015,2.12152,12525.3,3491.21,0.000797837,100%,5,5,0,No Offset,3,2,,,,,2,8.888e-009,217.98,435.961,20.7615,9.52448,0.00907156,996798,3.82287,0.0483018
22,17.3C,OK,2018-08-09,13:31:49,143262000,17.3479,0.0393,427397,2970,100,0,427397,2970,51,0.25,1.00088,0.892072,0.200784,0.200608,N,6,Default,Globular Proteins,1.02,0.185,0,Sphere,10 ul,JoshBuffer_wDTT,1.333,1.09291,3119,Aqueous,0.600506,3.88632e-007,4.99996,9.99992,0.380252,7.6051,0.076051,145.419,1.00012,1.64064,12440.3,3330.32,0.000711755,100%,5,5,0,No Offset,3,2,,,,,1,3.68909e-007,5.26727,10.5345,1.01815,19.3297,0.0373639,164.265,98.3657,99.9963
22,17.3C,OK,2018-08-09,13:31:49,143262000,17.3479,0.0393,427397,2970,100,0,427397,2970,51,0.25,1.00088,0.892072,0.200784,0.200608,N,6,Default,Globular Proteins,1.02,0.185,0,Sphere,10 ul,JoshBuffer_wDTT,1.333,1.09291,3119,Aqueous,0.600506,3.88632e-007,4.99996,9.99992,0.380252,7.6051,0.076051,145.419,1.00012,1.64064,12440.3,3330.32,0.000711755,100%,5,5,0,No Offset,3,2,,,,,2,4.36682e-008,44.4979,88.9958,0,0,0,24208.3,1.63425,0.00368329
23,17.5C,OK,2018-08-09,13:32:27,143263000,17.5047,0.0405,436406,3270,100,0,436406,3270,51,0.25,1.00088,0.892216,0.20048,0.200304,N,6,Default,Globular Proteins,1.02,0.185,0,Sphere,10 ul,JoshBuffer_wDTT,1.333,1.08846,3119,Aqueous,0.588262,3.89235e-007,5.02175,10.0435,0.399055,7.94653,0.0794653,146.906,0.99998,1.81681,12459.1,3411,0.000716368,100%,5,5,0,No Offset,2,1,,,,,1,3.5878e-007,5.44802,10.896,1.25106,22.9635,0.0527322,177.758,100,100
24,17.7C,OK,2018-08-09,13:33:04,143263000,17.6638,0.0405,438685,4240,100,0,438685,4240,51,0.25,1.00088,0.89203,0.200355,0.200179,N,6,Default,Globular Proteins,1.02,0.185,0,Sphere,10 ul,JoshBuffer_wDTT,1.333,1.08397,3119,Aqueous,0.567727,3.97308e-007,4.94872,9.89743,0.489026,9.88187,0.0988187,141.956,1.00005,1.15411,12711.6,3899.53,0.000615853,100%,5,5,0,No Offset,3,2,,,,,1,3.58926e-007,5.47792,10.9558,1.59864,29.1834,0.085167,180.049,98.5912,99.996
24,17.7C,OK,2018-08-09,13:33:04,143263000,17.6638,0.0405,438685,4240,100,0,438685,4240,51,0.25,1.00088,0.89203,0.200355,0.200179,N,6,Default,Globular Proteins,1.02,0.185,0,Sphere,10 ul,JoshBuffer_wDTT,1.333,1.08397,3119,Aqueous,0.567727,3.97308e-007,4.94872,9.89743,0.489026,9.88187,0.0988187,141.956,1.00005,1.15411,12711.6,3899.53,0.000615853,100%,5,5,0,No Offset,3,2,,,,,2,2.01005e-008,97.817,195.634,11.9489,12.2156,0.0149221,152880,1.40885,0.00396975
25,17.8C,OK,2018-08-09,13:33:42,143263000,17.8197,0.0391,446674,4190,100,0,446674,4190,51,0.25,1.00088,0.892594,0.200452,0.200277,N,6,Default,Globular Proteins,1.02,0.185,0,Sphere,10 ul,JoshBuffer_wDTT,1.333,1.0796,3119,Aqueous,0.551868,3.914e-007,5.03818,10.0764,0.363256,7.21007,0.0721007,148.033,1.00005,1.67046,12529.3,3264.46,0.000743401,100%,5,5,0,No Offset,3,2,,,,,1,3.54008e-007,5.57034,11.1407,1.55971,28.0002,0.0784011,187.237,99.7508,99.9997
25,17.8C,OK,2018-08-09,13:33:42,143263000,17.8197,0.0391,446674,4190,100,0,446674,4190,51,0.25,1.00088,0.892594,0.200452,0.200277,N,6,Default,Globular Proteins,1.02,0.185,0,Sphere,10 ul,JoshBuffer_wDTT,1.333,1.0796,3119,Aqueous,0.551868,3.914e-007,5.03818,10.0764,0.363256,7.21007,0.0721007,148.033,1.00005,1.67046,12529.3,3264.46,0.000743401,100%,5,5,0,No Offset,3,2,,,,,2,2.53185e-008,77.8854,155.771,0,0,0,89703.2,0.249152,0.000335474
26,18.0C,OK,2018-08-09,13:34:20,143263000,17.9739,0.0389,451850,2520,100,0,451850,2520,51,0.25,1.00087,0.892269,0.199851,0.199677,N,6,Default,Globular Proteins,1.02,0.185,0,Sphere,10 ul,JoshBuffer_wDTT,1.333,1.07531,3119,Aqueous,0.534766,3.93987e-007,5.03449,10.069,0.331021,6.57505,0.0657505,147.78,0.999884,1.24788,12612.5,3136.59,0.000584232,100%,5,5,0,No Offset,2,1,,,,,1,3.66441e-007,5.41294,10.8259,1.03923,19.1989,0.0368599,175.092,100,100
27,18.1C,OK,2018-08-09,13:34:57,143263000,18.1292,0.0394,455442,5470,100,0,455442,5470,51,0.25,1.00087,0.892204,0.199431,0.199256,N,6,Default,Globular Proteins,1.02,0.185,0,Sphere,10 ul,JoshBuffer_wDTT,1.333,1.07101,3119,Aqueous,0.526227,3.98915e-007,4.98685,9.97369,0.396349,7.94789,0.0794789,144.528,0.999932,1.16031,12768.9,3496.14,0.000569021,100%,5,5,0,No Offset,2,1,,,,,1,3.62373e-007,5.48972,10.9794,1.38122,25.1601,0.0633031,180.958,100,100
28,18.3C,OK,2018-08-09,13:35:35,143263000,18.2858,0.0394,454232,4570,100,0,454232,4570,51,0.25,1.00087,0.892297,0.199188,0.199014,N,6,Default,Globular Proteins,1.02,0.185,0,Sphere,10 ul,JoshBuffer_wDTT,1.333,1.06671,3119,Aqueous,0.52218,4.00663e-007,4.99412,9.98824,0.33574,6.72272,0.0672272,145.022,0.999931,1.5779,12826.2,3225.64,0.000636317,100%,5,5,0,No Offset,2,1,,,,,1,3.70956e-007,5.39405,10.7881,1.09762,20.3487,0.0414069,173.665,100,100
29,18.4C,OK,2018-08-09,13:36:13,143263000,18.4434,0.0398,453970,3680,100,0,453970,3680,51,0.25,1.00087,0.892317,0.19884,0.198667,N,6,Default,Globular Proteins,1.02,0.185,0,Sphere,10 ul,JoshBuffer_wDTT,1.333,1.06241,3119,Aqueous,0.523224,4.04097e-007,4.9661,9.9322,0.445583,8.97249,0.0897249,143.125,0.999928,0.964448,12932.4,3769.92,0.000542542,100%,5,5,0,No Offset,2,1,,,,,1,3.59877e-007,5.57632,11.1526,1.63436,29.309,0.0859017,187.708,100,100
30,18.6C,OK,2018-08-09,13:36:50,143263000,18.6017,0.04,463420,2950,100,0,463420,2950,51,0.25,1.00087,0.892704,0.198475,0.198302,N,6,Default,Globular Proteins,1.02,0.185,0,Sphere,10 ul,JoshBuffer_wDTT,1.333,1.05811,3119,Aqueous,0.513793,3.9708e-007,5.08327,10.1665,0.493211,9.70263,0.0970263,151.152,1.00006,1.03474,12705.1,3859.64,0.00055544,100%,5,5,0,No Offset,3,2,,,,,1,3.79426e-007,5.31979,10.6396,1.11812,21.0182,0.0441763,168.122,95.8369,99.986
30,18.6C,OK,2018-08-09,13:36:50,143263000,18.6017,0.04,463420,2950,100,0,463420,2950,51,0.25,1.00087,0.892704,0.198475,0.198302,N,6,Default,Globular Proteins,1.02,0.185,0,Sphere,10 ul,JoshBuffer_wDTT,1.333,1.05811,3119,Aqueous,0.513793,3.9708e-007,5.08327,10.1665,0.493211,9.70263,0.0970263,151.152,1.00006,1.03474,12705.1,3859.64,0.00055544,100%,5,5,0,No Offset,3,2,,,,,2,5.24417e-008,38.4897,76.9795,5.04689,13.1123,0.0171932,17241.3,4.16313,0.0139874
31,18.8C,OK,2018-08-09,13:37:28,143263000,18.7626,0.0412,470358,3100,100,0,470358,3100,51,0.25,1.00087,0.892314,0.198163,0.197991,N,6,Default,Globular Proteins,1.02,0.185,0,Sphere,10 ul,JoshBuffer_wDTT,1.333,1.05378,3119,Aqueous,0.490043,4.02309e-007,5.04632,10.0926,0.45088,8.93483,0.0893483,148.593,1.00009,1.41021,12875.3,3745.04,0.00066816,100%,5,5,0,No Offset,3,2,,,,,1,3.83032e-007,5.30029,10.6006,1.08026,20.3811,0.0415388,166.684,97.4165,99.9663
31,18.8C,OK,2018-08-09,13:37:28,143263000,18.7626,0.0412,470358,3100,100,0,470358,3100,51,0.25,1.00087,0.892314,0.198163,0.197991,N,6,Default,Globular Proteins,1.02,0.185,0,Sphere,10 ul,JoshBuffer_wDTT,1.333,1.05378,3119,Aqueous,0.490043,4.02309e-007,5.04632,10.0926,0.45088,8.93483,0.0893483,148.593,1.00009,1.41021,12875.3,3745.04,0.00066816,100%,5,5,0,No Offset,3,2,,,,,2,6.28873e-009,322.828,645.657,29.1038,9.01527,0.00812751,2498450,2.58346,0.0337316
32,18.9C,OK,2018-08-09,13:38:06,143263000,18.9269,0.0409,472102,10100,100,0,472102,10100,51,0.25,1.00087,0.892991,0.198373,0.1982,N,6,Default,Globular Proteins,1.02,0.185,0,Sphere,10 ul,JoshBuffer_wDTT,1.333,1.04938,3119,Aqueous,0.49357,4.00755e-007,5.08054,10.1611,0.523985,10.3136,0.103136,150.961,0.999995,1.38814,12819.5,4024.32,0.000635107,100%,5,5,0,No Offset,2,1,,,,,1,3.50877e-007,5.80275,11.6055,1.79472,30.9287,0.0956586,206.029,100,100
33,19.1C,OK,2018-08-09,13:38:44,143263000,19.0856,0.039,460587,3330,100,0,460587,3330,51,0.25,1.00087,0.892358,0.198725,0.198553,N,6,Default,Globular Proteins,1.02,0.185,0,Sphere,10 ul,JoshBuffer_wDTT,1.333,1.04516,3119,Aqueous,0.506838,4.09616e-007,4.99936,9.99872,0.34618,6.92448,0.0692448,145.378,1.00003,0.972227,13112.6,3347.28,0.000542693,100%,5,5,0,No Offset,2,1,,,,,1,3.73219e-007,5.4869,10.9738,1.39581,25.439,0.0647144,180.741,100,100
34,19.2C,OK,2018-08-09,13:39:22,143263000,19.239,0.0384,454112,7330,100,0,454112,7330,51,0.25,1.00087,0.89201,0.196936,0.196765,N,6,Default,Globular Proteins,1.02,0.185,0,Sphere,10 ul,JoshBuffer_wDTT,1.333,1.04111,3119,Aqueous,0.52909,4.09908e-007,5.01017,10.0203,0.631268,12.5997,0.125997,146.115,0.99995,1.09126,13090.4,4602.79,0.000593163,100%,5,5,0,No Offset,2,1,,,,,1,3.46598e-007,5.92534,11.8507,2.18945,36.9506,0.136535,216.358,100,100
35,19.4C,OK,2018-08-09,13:39:59,143263000,19.3903,0.038,449990,8430,100,0,449990,8430,51,0.25,1.00087,0.889879,0.196172,0.196001,N,6,Default,Globular Proteins,1.02,0.185,0,Sphere,10 ul,JoshBuffer_wDTT,1.333,1.03714,3119,Aqueous,0.530295,4.14348e-007,4.985,9.97001,0.439385,8.81413,0.0881413,144.403,1.00012,1.42981,13260.9,3829.95,0.000611306,100%,5,5,0,No Offset,3,2,,,,,1,4.09955e-007,5.03842,10.0768,0.597455,11.858,0.0140612,148.05,95.4893,99.9922
35,19.4C,OK,2018-08-09,13:39:59,143263000,19.3903,0.038,449990,8430,100,0,449990,8430,51,0.25,1.00087,0.889879,0.196172,0.196001,N,6,Default,Globular Proteins,1.02,0.185,0,Sphere,10 ul,JoshBuffer_wDTT,1.333,1.03714,3119,Aqueous,0.530295,4.14348e-007,4.985,9.97001,0.439385,8.81413,0.0881413,144.403,1.00012,1.42981,13260.9,3829.95,0.000611306,100%,5,5,0,No Offset,3,2,,,,,2,3.70243e-008,55.7884,111.577,7.33068,13.1401,0.0172663,41090.6,4.51073,0.00775885
36,19.5C,OK,2018-08-09,13:40:37,143263000,19.5433,0.0392,459778,6240,100,0,459778,6240,51,0.25,1.00087,0.889023,0.195773,0.195603,N,6,Default,Globular Proteins,1.02,0.185,0,Sphere,10 ul,JoshBuffer_wDTT,1.333,1.03315,3119,Aqueous,0.522184,4.08632e-007,5.06922,10.1384,0.643699,12.6982,0.126982,150.176,1.0001,1.5749,13048.2,4609.37,0.000602395,100%,5,5,0,No Offset,3,2,,,,,1,4.10494e-007,5.04623,10.0925,0.752415,14.9104,0.0222321,148.587,91.5105,99.9669
36,19.5C,OK,2018-08-09,13:40:37,143263000,19.5433,0.0392,459778,6240,100,0,459778,6240,51,0.25,1.00087,0.889023,0.195773,0.195603,N,6,Default,Globular Proteins,1.02,0.185,0,Sphere,10 ul,JoshBuffer_wDTT,1.333,1.03315,3119,Aqueous,0.522184,4.08632e-007,5.06922,10.1384,0.643699,12.6982,0.126982,150.176,1.0001,1.5749,13048.2,4609.37,0.000602395,100%,5,5,0,No Offset,3,2,,,,,2,5.82969e-008,35.5327,71.0654,2.17108,6.1101,0.00373333,14300.1,8.48947,0.0330549
37,19.7C,OK,2018-08-09,13:41:15,143263000,19.7016,0.0403,442281,5040,100,0,442281,5040,51,0.25,1.00087,0.888692,0.195097,0.194927,N,6,Default,Globular Proteins,1.02,0.185,0,Sphere,10 ul,JoshBuffer_wDTT,1.333,1.02905,3119,Aqueous,0.542375,4.13075e-007,5.04342,10.0868,0.438481,8.69411,0.0869411,148.394,0.999935,1.15567,13220.5,3791.16,0.000567648,100%,5,5,0,No Offset,2,1,,,,,1,3.70977e-007,5.61573,11.2315,1.53895,27.4043,0.0750993,190.827,100,100
38,19.9C,OK,2018-08-09,13:41:53,143263000,19.8619,0.0404,429658,1310,100,0,429658,1310,51,0.25,1.00087,0.889053,0.194477,0.194307,N,6,Default,Globular Proteins,1.02,0.185,0,Sphere,10 ul,JoshBuffer_wDTT,1.333,1.02492,3119,Aqueous,0.579781,4.15866e-007,5.03818,10.0764,0.557346,11.0625,0.110625,148.033,0.999974,1.7214,13297.6,4338.35,0.000729763,100%,5,5,0,No Offset,2,1,,,,,1,3.56716e-007,5.87361,11.7472,2.08736,35.538,0.126295,211.964,100,100
39,20.0C,OK,2018-08-09,13:42:31,143263000,20.0224,0.0401,425794,4030,100,0,425794,4030,51,0.25,1.00087,0.888399,0.193914,0.193745,N,6,Default,Globular Proteins,1.02,0.185,0,Sphere,10 ul,JoshBuffer_wDTT,1.333,1.02082,3119,Aqueous,0.590934,4.17076e-007,5.03786,10.0757,0.571341,11.341,0.11341,148.011,1.00017,2.75219,13333.8,4411.21,0.000764323,100%,5,5,0,No Offset,3,2,,,,,1,4.11322e-007,5.10833,10.2167,0.772964,15.1314,0.022896,152.901,94.1824,99.9915
39,20.0C,OK,2018-08-09,13:42:31,143263000,20.0224,0.0401,425794,4030,100,0,425794,4030,51,0.25,1.00087,0.888399,0.193914,0.193745,N,6,Default,Globular Proteins,1.02,0.185,0,Sphere,10 ul,JoshBuffer_wDTT,1.333,1.02082,3119,Aqueous,0.590934,4.17076e-007,5.03786,10.0757,0.571341,11.341,0.11341,148.011,1.00017,2.75219,13333.8,4411.21,0.000764323,100%,5,5,0,No Offset,3,2,,,,,2,3.32508e-008,63.1915,126.383,0,0,0,54999.7,5.81762,0.00852802
40,20.2C,OK,2018-08-09,13:43:09,143263000,20.1811,0.0399,424248,6990,100,0,424248,6990,51,0.25,1.00087,0.888239,0.193496,0.193328,N,6,Default,Globular Proteins,1.02,0.185,0,Sphere,10 ul,JoshBuffer_wDTT,1.333,1.01679,3119,Aqueous,0.603639,4.1785e-007,5.05711,10.1142,0.572073,11.3123,0.113123,149.338,1.00008,2.30541,13358.8,4413.19,0.000708859,100%,5,5,0,No Offset,3,2,,,,,1,3.99307e-007,5.29195,10.5839,1.14531,21.6425,0.0468397,166.072,95.0459,99.9854
40,20.2C,OK,2018-08-09,13:43:09,143263000,20.1811,0.0399,424248,6990,100,0,424248,6990,51,0.25,1.00087,0.888239,0.193496,0.193328,N,6,Default,Globular Proteins,1.02,0.185,0,Sphere,10 ul,JoshBuffer_wDTT,1.333,1.01679,3119,Aqueous,0.603639,4.1785e-007,5.05711,10.1142,0.572073,11.3123,0.113123,149.338,1.00008,2.30541,13358.8,4413.19,0.000708859,100%,5,5,0,No Offset,3,2,,,,,2,5.23156e-008,40.3917,80.7833,5.3252,13.1839,0.0173815,19301,4.95406,0.0145639
41,20.3C,OK,2018-08-09,13:43:47,143263000,20.3399,0.0399,416780,9030,100,0,416780,9030,51,0.25,1.00087,0.887424,0.193498,0.193329,N,6,Default,Globular Proteins,1.02,0.185,0,Sphere,10 ul,JoshBuffer_wDTT,1.333,1.01278,3119,Aqueous,0.605955,4.21522e-007,5.02725,10.0545,0.431435,8.58193,0.0858193,147.283,1.00009,1.32245,13491.2,3842.8,0.000618126,100%,5,5,0,No Offset,3,2,,,,,1,3.9466e-007,5.36942,10.7388,1.15301,21.4737,0.0461119,171.816,99.05,99.8357
41,20.3C,OK,2018-08-09,13:43:47,143263000,20.3399,0.0399,416780,9030,100,0,416780,9030,51,0.25,1.00087,0.887424,0.193498,0.193329,N,6,Default,Globular Proteins,1.02,0.185,0,Sphere,10 ul,JoshBuffer_wDTT,1.333,1.01278,3119,Aqueous,0.605955,4.21522e-007,5.02725,10.0545,0.431435,8.58193,0.0858193,147.283,1.00009,1.32245,13491.2,3842.8,0.000618126,100%,5,5,0,No Offset,3,2,,,,,2,5.14323e-010,4120.17,8240.34,716.335,17.3861,0.0302275,966846000,0.95004,0.164324
42,20.5C,OK,2018-08-09,13:44:26,143263000,20.4985,0.0403,405878,5840,100,0,405878,5840,51,0.25,1.00087,0.887772,0.194418,0.194249,N,6,Default,Globular Proteins,1.02,0.185,0,Sphere,10 ul,JoshBuffer_wDTT,1.333,1.0088,3119,Aqueous,0.640175,4.2316e-007,5.03614,10.0723,0.504861,10.0247,0.100247,147.893,1.00004,1.63163,13537.9,4185.13,0.000684461,100%,5,5,0,No Offset,3,2,,,,,1,3.97726e-007,5.3582,10.7164,1.49048,27.8167,0.0773771,170.977,94.6053,99.8634
42,20.5C,OK,2018-08-09,13:44:26,143263000,20.4985,0.0403,405878,5840,100,0,405878,5840,51,0.25,1.00087,0.887772,0.194418,0.194249,N,6,Default,Globular Proteins,1.02,0.185,0,Sphere,10 ul,JoshBuffer_wDTT,1.333,1.0088,3119,Aqueous,0.640175,4.2316e-007,5.03614,10.0723,0.504861,10.0247,0.100247,147.893,1.00004,1.63163,13537.9,4185.13,0.000684461,100%,5,5,0,No Offset,3,2,,,,,2,1.24407e-007,17.13,34.2599,1.78872,10.4421,0.0109037,2593.71,5.39468,0.136637
43,20.7C,OK,2018-08-09,13:45:04,143263000,20.6599,0.041,400112,606,100,0,400112,606,51,0.25,1.00086,0.885401,0.196703,0.196533,N,6,Default,Globular Proteins,1.02,0.185,0,Sphere,10 ul,JoshBuffer_wDTT,1.333,1.00478,3119,Aqueous,0.643652,4.2328e-007,5.06312,10.1262,0.33941,6.70356,0.0670356,149.754,1.00003,1.83113,13550.2,3402.83,0.000749004,100%,5,5,0,No Offset,2,1,,,,,1,3.87051e-007,5.53705,11.0741,1.34194,24.2356,0.0587365,184.629,100,100
44,20.8C,OK,2018-08-09,13:45:42,143263000,20.8202,0.0395,397288,3650,100,0,397288,3650,51,0.25,1.00086,0.884848,0.195862,0.195695,N,6,Default,Globular Proteins,1.02,0.185,0,Sphere,10 ul,JoshBuffer_wDTT,1.333,1.00082,3119,Aqueous,0.644457,4.2674e-007,5.03619,10.0724,0.438263,8.70227,0.0870227,147.897,1.00018,2.74355,13657.9,3918.48,0.000828591,100%,5,5,0,No Offset,3,2,,,,,1,4.20129e-007,5.11545,10.2309,0.626769,12.2525,0.0150123,153.4,96.0832,99.9738
44,20.8C,OK,2018-08-09,13:45:42,143263000,20.8202,0.0395,397288,3650,100,0,397288,3650,51,0.25,1.00086,0.884848,0.195862,0.195695,N,6,Default,Globular Proteins,1.02,0.185,0,Sphere,10 ul,JoshBuffer_wDTT,1.333,1.00082,3119,Aqueous,0.644457,4.2674e-007,5.03619,10.0724,0.438263,8.70227,0.0870227,147.897,1.00018,2.74355,13657.9,3918.48,0.000828591,100%,5,5,0,No Offset,3,2,,,,,2,1.07596e-008,199.742,399.483,19.8524,9.93905,0.00987847,812484,3.9168,0.0261926
45,21.0C,OK,2018-08-09,13:46:20,143263000,20.9775,0.0399,391128,3450,100,0,391128,3450,51,0.25,1.00086,0.885923,0.194834,0.194666,N,6,Default,Globular Proteins,1.02,0.185,0,Sphere,10 ul,JoshBuffer_wDTT,1.333,0.996949,3119,Aqueous,0.66036,4.27036e-007,5.06099,10.122,0.359877,7.1108,0.071108,149.606,1.00009,2.05369,13670.1,3536.78,0.000744729,100%,5,5,0,No Offset,3,2,,,,,1,4.02079e-007,5.37512,10.7502,1.1221,20.8759,0.0435803,172.243,98.4208,99.9973
45,21.0C,OK,2018-08-09,13:46:20,143263000,20.9775,0.0399,391128,3450,100,0,391128,3450,51,0.25,1.00086,0.885923,0.194834,0.194666,N,6,Default,Globular Proteins,1.02,0.185,0,Sphere,10 ul,JoshBuffer_wDTT,1.333,0.996949,3119,Aqueous,0.66036,4.27036e-007,5.06099,10.122,0.359877,7.1108,0.071108,149.606,1.00009,2.05369,13670.1,3536.78,0.000744729,100%,5,5,0,No Offset,3,2,,,,,2,2.53185e-008,85.3613,170.723,0,0,0,111159,1.57918,0.00269471
46,21.1C,OK,2018-08-09,13:46:59,143263000,21.1362,0.0399,385425,3300,100,0,385425,3300,51,0.25,1.00086,0.88645,0.192486,0.19232,N,6,Default,Globular Proteins,1.02,0.185,0,Sphere,10 ul,JoshBuffer_wDTT,1.333,0.993072,3119,Aqueous,0.667564,4.36556e-007,4.96448,9.92897,0.429397,8.64938,0.0864938,143.016,1.00003,2.00774,13972.2,3995.99,0.000827225,100%,5,5,0,No Offset,2,1,,,,,1,3.87374e-007,5.59478,11.1896,1.7065,30.5016,0.0930345,189.165,100,100
47,21.3C,OK,2018-08-09,13:47:37,143263000,21.2947,0.0403,376935,4340,100,0,376935,4340,51,0.25,1.00087,0.886399,0.192222,0.192056,N,6,Default,Globular Proteins,1.02,0.185,0,Sphere,10 ul,JoshBuffer_wDTT,1.333,0.989225,3119,Aqueous,0.690889,4.33387e-007,5.02875,10.0575,0.440685,8.76331,0.0876331,147.386,0.999929,1.44459,13870.4,3993.95,0.000682898,100%,5,5,0,No Offset,2,1,,,,,1,3.8677e-007,5.63487,11.2697,1.63673,29.0465,0.0843698,192.352,100,100
48,21.5C,OK,2018-08-09,13:48:15,143263000,21.4548,0.0397,381246,3600,100,0,381246,3600,51,0.25,1.00086,0.885174,0.191961,0.191796,N,6,Default,Globular Proteins,1.02,0.185,0,Sphere,10 ul,JoshBuffer_wDTT,1.333,0.985365,3119,Aqueous,0.681278,4.36056e-007,5.02586,10.0517,0.380318,7.56722,0.0756722,147.187,1.00008,2.03224,13958.4,3727.23,0.000727995,100%,5,5,0,No Offset,3,2,,,,,1,4.19244e-007,5.22739,10.4548,0.859206,16.4366,0.0270162,161.37,97.5633,99.9833
48,21.5C,OK,2018-08-09,13:48:15,143263000,21.4548,0.0397,381246,3600,100,0,381246,3600,51,0.25,1.00086,0.885174,0.191961,0.191796,N,6,Default,Globular Proteins,1.02,0.185,0,Sphere,10 ul,JoshBuffer_wDTT,1.333,0.985365,3119,Aqueous,0.681278,4.36056e-007,5.02586,10.0517,0.380318,7.56722,0.0756722,147.187,1.00008,2.03224,13958.4,3727.23,0.000727995,100%,5,5,0,No Offset,3,2,,,,,2,1.98623e-008,110.337,220.674,8.91297,8.07794,0.00652531,202647,2.43668,0.0166805
49,21.6C,OK,2018-08-09,13:48:54,143263000,21.6158,0.0412,380422,4380,100,0,380422,4380,51,0.25,1.00086,0.884152,0.193185,0.193019,N,6,Default,Globular Proteins,1.02,0.185,0,Sphere,10 ul,JoshBuffer_wDTT,1.333,0.981507,3119,Aqueous,0.66924,4.36715e-007,5.03221,10.0644,0.383008,7.61112,0.0761112,147.623,0.999952,1.74148,13979.4,3743.86,0.000704048,100%,5,5,0,No Offset,2,1,,,,,1,3.98188e-007,5.51912,11.0382,1.31114,23.7564,0.0564367,183.234,100,100
50,21.8C,OK,2018-08-09,13:49:32,143264000,21.7811,0.0418,386903,2480,100,0,386903,2480,51,0.25,1.00085,0.882662,0.192597,0.192434,N,6,Default,Globular Proteins,1.02,0.185,0,Sphere,10 ul,JoshBuffer_wDTT,1.333,0.977574,3119,Aqueous,0.653335,4.38085e-007,5.04434,10.0887,0.389386,7.71927,0.0771927,148.457,1.00004,2.3568,14023.1,3782.67,0.000858144,100%,5,5,0,No Offset,2,1,,,,,1,3.95502e-007,5.58745,11.1749,1.48909,26.6506,0.0710253,188.586,100,100
51,21.9C,OK,2018-08-09,13:50:11,143264000,21.9437,0.0394,376682,2640,100,0,376682,2640,51,0.25,1.00085,0.883015,0.195043,0.194877,N,6,Default,Globular Proteins,1.02,0.185,0,Sphere,10 ul,JoshBuffer_wDTT,1.333,0.97373,3119,Aqueous,0.665105,4.40118e-007,5.03492,10.0698,0.432099,8.58205,0.0858205,147.809,1.00006,2.36282,14086.4,4012.37,0.000648185,100%,5,5,0,No Offset,3,2,,,,,1,4.24196e-007,5.22391,10.4478,0.672585,12.8751,0.0165769,161.118,97.3656,99.9806
51,21.9C,OK,2018-08-09,13:50:11,143264000,21.9437,0.0394,376682,2640,100,0,376682,2640,51,0.25,1.00085,0.883015,0.195043,0.194877,N,6,Default,Globular Proteins,1.02,0.185,0,Sphere,10 ul,JoshBuffer_wDTT,1.333,0.97373,3119,Aqueous,0.665105,4.40118e-007,5.03492,10.0698,0.432099,8.58205,0.0858205,147.809,1.00006,2.36282,14086.4,4012.37,0.000648185,100%,5,5,0,No Offset,3,2,,,,,2,1.46795e-008,150.956,301.912,0,0,0,421942,2.63442,0.0193998
52,22.1C,OK,2018-08-09,13:50:49,143264000,22.1024,0.0392,380445,5000,100,0,380445,5000,51,0.25,1.00086,0.88341,0.192962,0.192795,N,6,Default,Globular Proteins,1.02,0.185,0,Sphere,10 ul,JoshBuffer_wDTT,1.333,0.970002,3119,Aqueous,0.65872,4.41171e-007,5.05067,10.1013,0.290559,5.75288,0.0575288,148.893,1.00006,1.97392,14123.3,3284.3,0.000721377,100%,5,5,0,No Offset,2,1,,,,,1,4.19865e-007,5.30697,10.6139,0.780414,14.7055,0.0216251,167.176,100,100
53,22.3C,OK,2018-08-09,13:51:28,143264000,22.2609,0.0394,379543,2510,100,0,379543,2510,51,0.25,1.00086,0.884037,0.192361,0.192195,N,6,Default,Globular Proteins,1.02,0.185,0,Sphere,10 ul,JoshBuffer_wDTT,1.333,0.966303,3119,Aqueous,0.658117,4.44528e-007,5.04016,10.0803,0.390797,7.75367,0.0775367,148.169,1.00017,2.55712,14229.3,3847.02,0.000820957,100%,5,5,0,No Offset,3,2,,,,,1,4.33344e-007,5.17024,10.3405,0.688609,13.3187,0.0177388,157.272,96.9741,99.9737
53,22.3C,OK,2018-08-09,13:51:28,143264000,22.2609,0.0394,379543,2510,100,0,379543,2510,51,0.25,1.00086,0.884037,0.192361,0.192195,N,6,Default,Globular Proteins,1.02,0.185,0,Sphere,10 ul,JoshBuffer_wDTT,1.333,0.966303,3119,Aqueous,0.658117,4.44528e-007,5.04016,10.0803,0.390797,7.75367,0.0775367,148.169,1.00017,2.55712,14229.3,3847.02,0.000820957,100%,5,5,0,No Offset,3,2,,,,,2,1.00239e-008,223.516,447.032,30.2748,13.5448,0.0183462,1057040,3.02592,0.0263252
54,22.4C,OK,2018-08-09,13:52:06,143264000,22.4223,0.0404,382707,2090,100,0,382707,2090,51,0.25,1.00086,0.883871,0.192383,0.192218,N,6,Default,Globular Proteins,1.02,0.185,0,Sphere,10 ul,JoshBuffer_wDTT,1.333,0.962561,3119,Aqueous,0.647959,4.46915e-007,5.02701,10.054,0.403642,8.02946,0.0802946,147.266,1.00004,1.80732,14305.2,3937.32,0.00071684,100%,5,5,0,No Offset,3,2,,,,,1,4.16098e-007,5.39933,10.7987,1.22145,22.6222,0.0511764,174.063,98.9942,99.9499
54,22.4C,OK,2018-08-09,13:52:06,143264000,22.4223,0.0404,382707,2090,100,0,382707,2090,51,0.25,1.00086,0.883871,0.192383,0.192218,N,6,Default,Globular Proteins,1.02,0.185,0,Sphere,10 ul,JoshBuffer_wDTT,1.333,0.962561,3119,Aqueous,0.647959,4.46915e-007,5.02701,10.054,0.403642,8.02946,0.0802946,147.266,1.00004,1.80732,14305.2,3937.32,0.00071684,100%,5,5,0,No Offset,3,2,,,,,2,1.87912e-009,1195.59,2391.18,161.522,13.5098,0.0182516,53469200,1.00581,0.0500799
55,22.6C,OK,2018-08-09,13:52:45,143264000,22.5847,0.0401,384149,4880,100,0,384149,4880,51,0.25,1.00086,0.88415,0.191677,0.191512,N,6,Default,Globular Proteins,1.02,0.185,0,Sphere,10 ul,JoshBuffer_wDTT,1.333,0.95882,3119,Aqueous,0.637189,4.47847e-007,5.04408,10.0882,0.415804,8.24339,0.0824339,148.439,1.00009,1.47756,14334.6,3999.06,0.000690729,100%,5,5,0,No Offset,3,2,,,,,1,4.15045e-007,5.44272,10.8854,1.31645,24.1874,0.0585028,177.354,98.6875,99.9756
55,22.6C,OK,2018-08-09,13:52:45,143264000,22.5847,0.0401,384149,4880,100,0,384149,4880,51,0.25,1.00086,0.88415,0.191677,0.191512,N,6,Default,Globular Proteins,1.02,0.185,0,Sphere,10 ul,JoshBuffer_wDTT,1.333,0.95882,3119,Aqueous,0.637189,4.47847e-007,5.04408,10.0882,0.415804,8.24339,0.0824339,148.439,1.00009,1.47756,14334.6,3999.06,0.000690729,100%,5,5,0,No Offset,3,2,,,,,2,5.10269e-009,442.703,885.407,72.2976,16.3309,0.02667,5230620,1.31252,0.0243609
56,22.7C,OK,2018-08-09,13:53:24,143264000,22.7471,0.0405,394957,3360,100,0,394957,3360,51,0.25,1.00086,0.884037,0.191938,0.191774,N,6,Default,Globular Proteins,1.02,0.185,0,Sphere,10 ul,JoshBuffer_wDTT,1.333,0.955103,3119,Aqueous,0.608327,4.47487e-007,5.06194,10.1239,0.37795,7.46651,0.0746651,149.672,1.00002,1.52169,14324.4,3798.99,0.00067959,100%,5,5,0,No Offset,2,1,,,,,1,4.06607e-007,5.57086,11.1417,1.38346,24.8338,0.0616717,187.278,100,100
57,22.9C,OK,2018-08-09,13:54:02,143264000,22.91,0.0394,388566,3990,100,0,388566,3990,51,0.25,1.00086,0.884097,0.191459,0.191294,N,6,Default,Globular Proteins,1.02,0.185,0,Sphere,10 ul,JoshBuffer_wDTT,1.333,0.951399,3119,Aqueous,0.625164,4.50571e-007,5.05476,10.1095,0.474685,9.39084,0.0939084,149.176,0.999993,1.49799,14418.1,4304.81,0.00070437,100%,5,5,0,No Offset,2,1,,,,,1,3.97531e-007,5.72918,11.4584,1.79615,31.3509,0.0982878,199.969,100,100
58,23.1C,OK,2018-08-09,13:54:41,143264000,23.0697,0.0391,383307,4580,100,0,383307,4580,51,0.25,1.00086,0.883957,0.191269,0.191104,N,6,Default,Globular Proteins,1.02,0.185,0,Sphere,10 ul,JoshBuffer_wDTT,1.333,0.947791,3119,Aqueous,0.641839,4.55639e-007,5.02576,10.0515,0.524652,10.4393,0.104393,147.181,1.00025,1.88363,14574.3,4605.42,0.000745819,100%,5,5,0,No Offset,3,2,,,,,1,4.3397e-007,5.27672,10.5534,1.15406,21.8709,0.0478334,164.955,96.9562,99.8959
58,23.1C,OK,2018-08-09,13:54:41,143264000,23.0697,0.0391,383307,4580,100,0,383307,4580,51,0.25,1.00086,0.883957,0.191269,0.191104,N,6,Default,Globular Proteins,1.02,0.185,0,Sphere,10 ul,JoshBuffer_wDTT,1.333,0.947791,3119,Aqueous,0.641839,4.55639e-007,5.02576,10.0515,0.524652,10.4393,0.104393,147.181,1.00025,1.88363,14574.3,4605.42,0.000745819,100%,5,5,0,No Offset,3,2,,,,,2,2.58894e-009,884.506,1769.01,139.058,15.7215,0.0247166,26416100,3.0438,0.104146
59,23.2C,OK,2018-08-09,13:55:20,143264000,23.2298,0.0392,393757,4140,100,0,393757,4140,51,0.25,1.00086,0.883802,0.191377,0.191211,N,6,Default,Globular Proteins,1.02,0.185,0,Sphere,10 ul,JoshBuffer_wDTT,1.333,0.944197,3119,Aqueous,0.614629,4.55181e-007,5.04448,10.089,0.441601,8.75415,0.0875415,148.466,1.00009,1.96039,14568,4192.52,0.000708734,100%,5,5,0,No Offset,2,1,,,,,1,4.22563e-007,5.43386,10.8677,1.1837,21.7839,0.0474536,176.679,100,100
60,23.4C,OK,2018-08-09,13:55:59,143264000,23.3894,0.0391,398019,6410,100,0,398019,6410,51,0.25,1.00085,0.883813,0.191636,0.191472,N,6,Default,Globular Proteins,1.02,0.185,0,Sphere,10 ul,JoshBuffer_wDTT,1.333,0.940638,3119,Aqueous,0.610764,4.50616e-007,5.12322,10.2464,0.311649,6.08306,0.0608306,153.946,1.00011,1.73892,14425.6,3449.86,0.000726822,100%,5,5,0,No Offset,2,1,,,,,1,4.24718e-007,5.43562,10.8712,1.12363,20.6717,0.0427317,176.813,100,100
61,23.5C,OK,2018-08-09,13:56:38,143264000,23.5497,0.0395,393616,3420,100,0,393616,3420,51,0.25,1.00086,0.883605,0.193361,0.193195,N,6,Default,Globular Proteins,1.02,0.185,0,Sphere,10 ul,JoshBuffer_wDTT,1.333,0.937085,3119,Aqueous,0.620777,4.56011e-007,5.07628,10.1526,0.47009,9.26052,0.0926052,150.666,1.00027,1.8168,14592.7,4324.98,0.000683079,100%,5,5,0,No Offset,3,2,,,,,1,4.54148e-007,5.09711,10.1942,0.691819,13.5728,0.018422,152.116,94.9421,99.9585
61,23.5C,OK,2018-08-09,13:56:38,143264000,23.5497,0.0395,393616,3420,100,0,393616,3420,51,0.25,1.00086,0.883605,0.193361,0.193195,N,6,Default,Globular Proteins,1.02,0.185,0,Sphere,10 ul,JoshBuffer_wDTT,1.333,0.937085,3119,Aqueous,0.620777,4.56011e-007,5.07628,10.1526,0.47009,9.26052,0.0926052,150.666,1.00027,1.8168,14592.7,4324.98,0.000683079,100%,5,5,0,No Offset,3,2,,,,,2,1.60015e-008,144.664,289.328,17.899,12.3728,0.0153086,381934,5.05794,0.0414967
62,23.7C,OK,2018-08-09,13:57:17,143264000,23.7119,0.0401,392497,3700,100,0,392497,3700,51,0.25,1.00086,0.883856,0.192979,0.192813,N,6,Default,Globular Proteins,1.02,0.185,0,Sphere,10 ul,JoshBuffer_wDTT,1.333,0.933513,3119,Aqueous,0.621814,4.57327e-007,5.08902,10.178,0.430847,8.46622,0.0846622,151.552,1.00004,1.98062,14637.5,4140.12,0.000801954,100%,5,5,0,No Offset,3,2,,,,,1,4.17559e-007,5.57369,11.1474,1.51301,27.1456,0.0736882,187.501,98.7045,99.9968
62,23.7C,OK,2018-08-09,13:57:17,143264000,23.7119,0.0401,392497,3700,100,0,392497,3700,51,0.25,1.00086,0.883856,0.192979,0.192813,N,6,Default,Globular Proteins,1.02,0.185,0,Sphere,10 ul,JoshBuffer_wDTT,1.333,0.933513,3119,Aqueous,0.621814,4.57327e-007,5.08902,10.178,0.430847,8.46622,0.0846622,151.552,1.00004,1.98062,14637.5,4140.12,0.000801954,100%,5,5,0,No Offset,3,2,,,,,2,5.34492e-008,43.5431,87.0861,5.3741,12.342,0.0152326,23010.3,1.29554,0.00316398
63,23.9C,OK,2018-08-09,13:57:55,143264000,23.8762,0.0401,390639,5190,100,0,390639,5190,51,0.25,1.00087,0.883711,0.193023,0.192856,N,6,Default,Globular Proteins,1.02,0.185,0,Sphere,10 ul,JoshBuffer_wDTT,1.333,0.929919,3119,Aqueous,0.614861,4.59558e-007,5.09157,10.1831,0.428768,8.42114,0.0842114,151.73,0.999978,1.4777,14709,4148.9,0.000676734,100%,5,5,0,No Offset,2,1,,,,,1,4.12007e-007,5.67921,11.3584,1.58785,27.9589,0.0781701,195.912,100,100
64,24.0C,OK,2018-08-09,13:58:34,143264000,24.0393,0.0399,398108,4670,100,0,398108,4670,51,0.25,1.00086,0.883828,0.193656,0.193489,N,6,Default,Globular Proteins,1.02,0.185,0,Sphere,10 ul,JoshBuffer_wDTT,1.333,0.926374,3119,Aqueous,0.608569,4.61213e-007,5.08692,10.1738,0.469047,9.22066,0.0922066,151.405,1.00007,1.32089,14759.3,4364.45,0.000671894,100%,5,5,0,83096.3,3,2,,,,,1,4.31988e-007,5.43106,10.8621,1.36511,25.1352,0.0631777,176.466,96.4772,99.9759
64,24.0C,OK,2018-08-09,13:58:34,143264000,24.0393,0.0399,398108,4670,100,0,398108,4670,51,0.25,1.00086,0.883828,0.193656,0.193489,N,6,Default,Globular Proteins,1.02,0.185,0,Sphere,10 ul,JoshBuffer_wDTT,1.333,0.926374,3119,Aqueous,0.608569,4.61213e-007,5.08692,10.1738,0.469047,9.22066,0.0922066,151.405,1.00007,1.32089,14759.3,4364.45,0.000671894,100%,5,5,0,83096.3,3,2,,,,,2,8.28995e-008,28.3011,56.6023,3.61319,12.7669,0.0162994,8396.71,3.52278,0.0241341
65,24.2C,OK,2018-08-09,13:59:13,143264000,24.2022,0.0397,393753,2480,100,0,393753,2480,51,0.25,1.00086,0.883484,0.194282,0.194115,N,6,Default,Globular Proteins,1.02,0.185,0,Sphere,10 ul,JoshBuffer_wDTT,1.333,0.922856,3119,Aqueous,0.622369,4.60208e-007,5.12534,10.2507,0.396372,7.73358,0.0773358,154.095,1.00012,1.68242,14731.2,3977.45,0.000697288,100%,5,5,0,83190.4,3,2,,,,,1,4.38179e-007,5.38302,10.766,1.09948,20.425,0.0417182,172.835,97.7498,99.9644
65,24.2C,OK,2018-08-09,13:59:13,143264000,24.2022,0.0397,393753,2480,100,0,393753,2480,51,0.25,1.00086,0.883484,0.194282,0.194115,N,6,Default,Globular Proteins,1.02,0.185,0,Sphere,10 ul,JoshBuffer_wDTT,1.333,0.922856,3119,Aqueous,0.622369,4.60208e-007,5.12534,10.2507,0.396372,7.73358,0.0773358,154.095,1.00012,1.68242,14731.2,3977.45,0.000697288,100%,5,5,0,83190.4,3,2,,,,,2,6.13238e-009,384.635,769.269,43.9304,11.4213,0.0130447,3764220,2.25018,0.0356096
66,24.4C,OK,2018-08-09,13:59:52,143264000,24.3641,0.0399,407129,4180,100,0,407129,4180,51,0.25,1.00086,0.883506,0.195446,0.195278,N,6,Default,Globular Proteins,1.02,0.185,0,Sphere,10 ul,JoshBuffer_wDTT,1.333,0.919382,3119,Aqueous,0.611499,4.56464e-007,5.19501,10.39,0.72626,13.9799,0.139799,159.04,1.00064,1.51209,14550.7,5456.07,0.000651349,100%,5,5,0,83739.5,4,2,,,,,1,4.36865e-007,5.42807,10.8561,1.25899,23.1941,0.0537968,176.239,98.0499,99.898
66,24.4C,OK,2018-08-09,13:59:52,143264000,24.3641,0.0399,407129,4180,100,0,407129,4180,51,0.25,1.00086,0.883506,0.195446,0.195278,N,6,Default,Globular Proteins,1.02,0.185,0,Sphere,10 ul,JoshBuffer_wDTT,1.333,0.919382,3119,Aqueous,0.611499,4.56464e-007,5.19501,10.39,0.72626,13.9799,0.139799,159.04,1.00064,1.51209,14550.7,5456.07,0.000651349,100%,5,5,0,83739.5,4,2,,,,,2,1.81734e-009,1304.84,2609.68,393.826,30.1819,0.0910948,65608500,1.95006,0.101968
67,24.5C,OK,2018-08-09,14:00:32,143264000,24.5279,0.0402,408177,2040,100,0,408177,2040,51,0.25,1.00085,0.883195,0.196506,0.196339,N,6,Default,Globular Proteins,1.02,0.185,0,Sphere,10 ul,JoshBuffer_wDTT,1.333,0.91589,3119,Aqueous,0.591759,4.61721e-007,5.14953,10.2991,0.365097,7.0899,0.070899,155.802,0.999855,1.16725,14780.5,3818.36,0.00055633,100%,5,5,0,84192.5,2,1,,,,,1,4.28508e-007,5.54866,11.0973,1.05536,19.02,0.036176,185.537,100,100
68,24.7C,OK,2018-08-09,14:01:11,143264000,24.6921,0.0393,407710,5020,100,0,407710,5020,51,0.25,1.00085,0.883164,0.197317,0.197149,N,6,Default,Globular Proteins,1.02,0.185,0,Sphere,10 ul,JoshBuffer_wDTT,1.333,0.912412,3119,Aqueous,0.593108,4.63444e-007,5.15769,10.3154,0.473809,9.18646,0.0918646,156.38,0.999934,1.59516,14830.9,4377.05,0.000724598,100%,5,5,0,84556.5,2,1,,,,,1,4.11659e-007,5.8065,11.613,1.72477,29.7041,0.0882332,206.341,100,100
69,24.9C,OK,2018-08-09,14:01:50,143264000,24.8534,0.0395,409713,4150,100,0,409713,4150,51,0.25,1.00085,0.883412,0.198056,0.197888,N,6,Default,Globular Proteins,1.02,0.185,0,Sphere,10 ul,JoshBuffer_wDTT,1.333,0.909017,3119,Aqueous,0.606912,4.61713e-007,5.2045,10.409,0.475332,9.1331,0.091331,159.721,1.00003,1.76112,14775.7,4347.45,0.000696136,100%,5,5,0,84923,3,2,,,,,1,4.11891e-007,5.83402,11.668,1.79921,30.84,0.0951106,208.637,99.2855,99.999
69,24.9C,OK,2018-08-09,14:01:50,143264000,24.8534,0.0395,409713,4150,100,0,409713,4150,51,0.25,1.00085,0.883412,0.198056,0.197888,N,6,Default,Globular Proteins,1.02,0.185,0,Sphere,10 ul,JoshBuffer_wDTT,1.333,0.909017,3119,Aqueous,0.606912,4.61713e-007,5.2045,10.409,0.475332,9.1331,0.091331,159.721,1.00003,1.76112,14775.7,4347.45,0.000696136,100%,5,5,0,84923,3,2,,,,,2,3.5131e-008,68.4007,136.801,7.1918,10.5142,0.0110549,66199.2,0.71454,0.00104914
70,25.0C,OK,2018-08-09,14:02:29,143264000,25.0152,0.0398,412687,4930,100,0,412687,4930,51,0.25,1.00086,0.883322,0.199087,0.198917,N,6,Default,Globular Proteins,1.02,0.185,0,Sphere,10 ul,JoshBuffer_wDTT,1.333,0.905633,3119,Aqueous,0.598052,4.68771e-007,5.13968,10.2794,0.497945,9.68825,0.0968825,155.105,1.00008,1.46446,14999,4552.91,0.000699951,100%,5,5,0,85374.7,3,2,,,,,1,4.29584e-007,5.60853,11.2171,1.54643,27.5728,0.0760261,190.255,97.9025,99.9962
70,25.0C,OK,2018-08-09,14:02:29,143264000,25.0152,0.0398,412687,4930,100,0,412687,4930,51,0.25,1.00086,0.883322,0.199087,0.198917,N,6,Default,Globular Proteins,1.02,0.185,0,Sphere,10 ul,JoshBuffer_wDTT,1.333,0.905633,3119,Aqueous,0.598052,4.68771e-007,5.13968,10.2794,0.497945,9.68825,0.0968825,155.105,1.00008,1.46446,14999,4552.91,0.000699951,100%,5,5,0,85374.7,3,2,,,,,2,2.89859e-008,83.1208,166.242,11.3298,13.6305,0.018579,104452,2.09749,0.00375154
71,25.2C,OK,2018-08-09,14:03:08,143264000,25.1783,0.0401,416660,4300,100,0,416660,4300,51,0.25,1.00086,0.883479,0.19991,0.199738,N,6,Default,Globular Proteins,1.02,0.185,0,Sphere,10 ul,JoshBuffer_wDTT,1.333,0.902243,3119,Aqueous,0.592525,4.65901e-007,5.19866,10.3973,0.579562,11.1483,0.111483,159.302,1,1.29122,14896.6,4881.08,0.000654223,100%,5,5,0,85833.7,2,1,,,,,1,4.01359e-007,6.03466,12.0693,2.05719,34.0896,0.11621,225.813,100,100
72,25.3C,OK,2018-08-09,14:03:48,143264000,25.3428,0.0396,422118,3360,100,0,422118,3360,51,0.25,1.00086,0.883093,0.201292,0.201118,N,6,Default,Globular Proteins,1.02,0.185,0,Sphere,10 ul,JoshBuffer_wDTT,1.333,0.898847,3119,Aqueous,0.577012,4.69659e-007,5.17064,10.3413,0.575134,11.1231,0.111231,157.3,1.00013,1.14679,15017,4914.3,0.000576795,100%,5,5,0,86470.6,4,2,,,,,1,4.446e-007,5.46208,10.9242,1.26841,23.2222,0.0539271,178.833,96.7037,99.9624
72,25.3C,OK,2018-08-09,14:03:48,143264000,25.3428,0.0396,422118,3360,100,0,422118,3360,51,0.25,1.00086,0.883093,0.201292,0.201118,N,6,Default,Globular Proteins,1.02,0.185,0,Sphere,10 ul,JoshBuffer_wDTT,1.333,0.898847,3119,Aqueous,0.577012,4.69659e-007,5.17064,10.3413,0.575134,11.1231,0.111231,157.3,1.00013,1.14679,15017,4914.3,0.000576795,100%,5,5,0,86470.6,4,2,,,,,2,2.06801e-008,117.429,234.858,20.5006,17.4579,0.0304777,234443,3.29628,0.0375504
73,25.5C,OK,2018-08-09,14:04:27,143264000,25.5064,0.0394,447734,7830,100,0,447734,7830,51,0.25,1.00086,0.883346,0.204624,0.204448,N,6,Default,Globular Proteins,1.02,0.185,0,Sphere,10 ul,JoshBuffer_wDTT,1.333,0.89549,3119,Aqueous,0.58177,4.51368e-007,5.40847,10.8169,0.969973,17.9343,0.179343,174.754,1.0011,2.28813,14226.8,6421.29,0.000639057,80%,5,4,1,87943.8,5,2,,,,,1,4.5122e-007,5.41025,10.8205,1.03741,19.1749,0.0367676,174.888,94.9695,99.9868
73,25.5C,OK,2018-08-09,14:04:27,143264000,25.5064,0.0394,447734,7830,100,0,447734,7830,51,0.25,1.00086,0.883346,0.204624,0.204448,N,6,Default,Globular Proteins,1.02,0.185,0,Sphere,10 ul,JoshBuffer_wDTT,1.333,0.89549,3119,Aqueous,0.58177,4.51368e-007,5.40847,10.8169,0.969973,17.9343,0.179343,174.754,1.0011,2.28813,14226.8,6421.29,0.000639057,80%,5,4,1,87943.8,5,2,,,,,2,2.70441e-008,90.2678,180.536,11.2992,12.5174,0.0156685,126688,5.03054,0.013241
74,25.7C,OK,2018-08-09,14:05:06,143264000,25.6695,0.0394,429238,4160,100,0,429238,4160,51,0.25,1.00086,0.883324,0.204405,0.204229,N,6,Default,Globular Proteins,1.02,0.185,0,Sphere,10 ul,JoshBuffer_wDTT,1.333,0.892165,3119,Aqueous,0.574851,4.66213e-007,5.26371,10.5274,0.686629,13.0446,0.130446,164.005,0.999924,1.50992,14880.9,5343.05,0.000619124,100%,5,5,0,87751.3,3,1,,,,,1,3.9363e-007,6.2343,12.4686,2.20584,35.3822,0.12519,243.682,100,100
75,25.8C,OK,2018-08-09,14:05:45,143265000,25.8334,0.0394,432938,2510,100,0,432938,2510,51,0.25,1.00086,0.883062,0.20619,0.206013,N,6,Default,Globular Proteins,1.02,0.185,0,Sphere,10 ul,JoshBuffer_wDTT,1.333,0.888845,3119,Aqueous,0.571505,4.595e-007,5.35457,10.7091,0.474295,8.85776,0.0885776,170.706,1.00011,1.32382,14705.9,4258.2,0.000650949,100%,5,5,0,88486.4,3,2,,,,,1,4.37615e-007,5.62235,11.2447,1.15744,20.5864,0.0423799,191.354,97.5221,99.9181
75,25.8C,OK,2018-08-09,14:05:45,143265000,25.8334,0.0394,432938,2510,100,0,432938,2510,51,0.25,1.00086,0.883062,0.20619,0.206013,N,6,Default,Globular Proteins,1.02,0.185,0,Sphere,10 ul,JoshBuffer_wDTT,1.333,0.888845,3119,Aqueous,0.571505,4.595e-007,5.35457,10.7091,0.474295,8.85776,0.0885776,170.706,1.00011,1.32382,14705.9,4258.2,0.000650949,100%,5,5,0,88486.4,3,2,,,,,2,3.92371e-009,627.065,1254.13,59.7019,9.52085,0.00906465,11812200,2.47793,0.0819409
76,26.0C,OK,2018-08-09,14:06:25,143265000,25.9971,0.0393,437944,6570,100,0,437944,6570,51,0.25,1.00086,0.882853,0.206276,0.206099,N,6,Default,Globular Proteins,1.02,0.185,0,Sphere,10 ul,JoshBuffer_wDTT,1.333,0.88555,3119,Aqueous,0.558847,4.64871e-007,5.32033,10.6407,0.450789,8.47294,0.0847294,168.163,1.00038,1.03639,14878.9,4210.14,0.000591698,100%,5,5,0,88575.9,3,1,,,,,1,4.54142e-007,5.44602,10.892,0.862565,15.8384,0.0250856,177.606,100,100
77,26.2C,OK,2018-08-09,14:07:04,143265000,26.1593,0.0394,435025,4430,100,0,435025,4430,51,0.25,1.00086,0.882897,0.206406,0.206229,N,6,Default,Globular Proteins,1.02,0.185,0,Sphere,10 ul,JoshBuffer_wDTT,1.333,0.882306,3119,Aqueous,0.564167,4.74826e-007,5.23591,10.4718,0.672588,12.8457,0.128457,161.986,1.00002,1.37256,15159.4,5392.49,0.000637725,100%,5,5,0,88754.1,3,2,,,,,1,4.13973e-007,6.00558,12.0112,2.09112,34.8196,0.121241,223.276,98.2892,99.9802
77,26.2C,OK,2018-08-09,14:07:04,143265000,26.1593,0.0394,435025,4430,100,0,435025,4430,51,0.25,1.00086,0.882897,0.206406,0.206229,N,6,Default,Globular Proteins,1.02,0.185,0,Sphere,10 ul,JoshBuffer_wDTT,1.333,0.882306,3119,Aqueous,0.564167,4.74826e-007,5.23591,10.4718,0.672588,12.8457,0.128457,161.986,1.00002,1.37256,15159.4,5392.49,0.000637725,100%,5,5,0,88754.1,3,2,,,,,2,1.70856e-008,145.512,291.023,22.7549,15.6379,0.0244543,387192,1.71075,0.0197723
78,26.3C,OK,2018-08-09,14:07:44,143265000,26.3252,0.0414,444093,4850,100,0,444093,4850,51,0.25,1.00086,0.883036,0.207529,0.207351,N,6,Default,Globular Proteins,1.02,0.185,0,Sphere,10 ul,JoshBuffer_wDTT,1.333,0.879009,3119,Aqueous,0.549507,4.74088e-007,5.25767,10.5153,0.591398,11.2483,0.112483,163.565,1.00004,1.4317,15157.4,4991.43,0.000666163,100%,5,5,0,89212.3,3,2,,,,,1,4.30653e-007,5.78794,11.5759,1.76993,30.5796,0.0935109,204.801,96.7109,99.9764
78,26.3C,OK,2018-08-09,14:07:44,143265000,26.3252,0.0414,444093,4850,100,0,444093,4850,51,0.25,1.00086,0.883036,0.207529,0.207351,N,6,Default,Globular Proteins,1.02,0.185,0,Sphere,10 ul,JoshBuffer_wDTT,1.333,0.879009,3119,Aqueous,0.549507,4.74088e-007,5.25767,10.5153,0.591398,11.2483,0.112483,163.565,1.00004,1.4317,15157.4,4991.43,0.000666163,100%,5,5,0,89212.3,3,2,,,,,2,8.67321e-008,28.739,57.478,3.92635,13.6621,0.0186653,8703.84,3.28914,0.0236414
79,26.5C,OK,2018-08-09,14:08:23,143265000,26.4924,0.0405,458742,3670,100,0,458742,3670,51,0.25,1.00085,0.883059,0.210251,0.210072,N,6,Default,Globular Proteins,1.02,0.185,0,Sphere,10 ul,JoshBuffer_wDTT,1.333,0.875707,3119,Aqueous,0.52927,4.65145e-007,5.38653,10.7731,0.663684,12.3212,0.123212,173.099,0.99995,1.09384,14858.5,5155.77,0.000571326,100%,5,5,0,90494.5,2,1,,,,,1,3.94859e-007,6.34535,12.6907,2.26323,35.6675,0.127217,253.959,100,100
80,26.7C,OK,2018-08-09,14:09:03,143265000,26.6559,0.039,459827,6520,100,0,459827,6520,51,0.25,1.00086,0.882828,0.210654,0.210473,N,6,Default,Globular Proteins,1.02,0.185,0,Sphere,10 ul,JoshBuffer_wDTT,1.333,0.872499,3119,Aqueous,0.521023,4.73452e-007,5.31937,10.6387,0.744449,13.9951,0.139951,168.092,1.0001,1.17709,15091.8,5662.92,0.000617838,100%,5,5,0,90673.4,3,1,,,,,1,4.08811e-007,6.16047,12.3209,2.19949,35.7034,0.127473,236.983,100,100
81,26.8C,OK,2018-08-09,14:09:42,143265000,26.8181,0.0395,451431,2880,100,0,451431,2880,51,0.25,1.00085,0.883143,0.212164,0.211984,N,6,Default,Globular Proteins,1.02,0.185,0,Sphere,10 ul,JoshBuffer_wDTT,1.333,0.869336,3119,Aqueous,0.549703,4.67744e-007,5.39815,10.7963,0.693851,12.8535,0.128535,173.975,0.999968,1.08658,14933.2,5313.97,0.000608816,100%,5,5,0,91407.7,2,1,,,,,1,3.93919e-007,6.40983,12.8197,2.34058,36.5154,0.133337,260.039,100,100
82,27.0C,OK,2018-08-09,14:10:22,143265000,26.9843,0.0403,554345,108000,100,0,554345,108000,51,0.25,1.00086,0.883088,0.218213,0.218027,N,6,Default,Globular Proteins,1.02,0.185,0,Sphere,10 ul,JoshBuffer_wDTT,1.333,0.866115,3119,Aqueous,0.543386,4.57017e-007,5.55329,11.1066,0.908973,16.3682,0.163682,185.899,1.00003,2.94549,14490,6065.77,0.000957606,40%,5,2,3,94267.1,3,1,,,,,1,3.77775e-007,6.71814,13.4363,2.72731,40.5962,0.164805,290.253,100,100
83,27.2C,OK,2018-08-09,14:11:02,143265000,27.1761,0.0387,492620,27300,100,0,492620,27300,51,0.25,1.00069,0.883531,0.220343,0.220193,N,6,Default,Globular Proteins,1.02,0.185,0,Sphere,10 ul,JoshBuffer_wDTT,1.333,0.862424,3119,Aqueous,0.516732,4.59495e-007,5.55168,11.1034,0.774423,13.9494,0.139494,185.773,1.00022,1.35677,14648,5484.84,0.000654585,80%,5,4,1,95157.2,4,2,,,,,1,4.07086e-007,6.26641,12.5328,2.12312,33.8809,0.114792,246.629,99.805,99.9985
83,27.2C,OK,2018-08-09,14:11:02,143265000,27.1761,0.0387,492620,27300,100,0,492620,27300,51,0.25,1.00069,0.883531,0.220343,0.220193,N,6,Default,Globular Proteins,1.02,0.185,0,Sphere,10 ul,JoshBuffer_wDTT,1.333,0.862424,3119,Aqueous,0.516732,4.59495e-007,5.55168,11.1034,0.774423,13.9494,0.139494,185.773,1.00022,1.35677,14648,5484.84,0.000654585,80%,5,4,1,95157.2,4,2,,,,,2,1.36623e-008,186.716,373.431,23.1735,12.4111,0.0154035,693885,0.195032,0.00145542
84,27.3C,OK,2018-08-09,14:11:48,143265000,27.3387,0.039,466218,6630,100,0,466218,6630,51,0.25,1.00086,0.88371,0.214273,0.214089,N,6,Default,Globular Proteins,1.02,0.185,0,Sphere,10 ul,JoshBuffer_wDTT,1.333,0.859316,3119,Aqueous,0.533578,4.68007e-007,5.46465,10.9293,0.729047,13.3411,0.133411,179.03,1.00003,1.19939,14932.6,5436.25,0.000625771,100%,5,5,0,92234.9,3,1,,,,,1,3.92854e-007,6.51003,13.0201,2.54301,39.063,0.152592,269.65,100,100
85,27.5C,OK,2018-08-09,14:12:28,143265000,27.504,0.0408,474218,3290,100,0,474218,3290,51,0.25,1.00085,0.883656,0.215261,0.215078,N,6,Default,Globular Proteins,1.02,0.185,0,Sphere,10 ul,JoshBuffer_wDTT,1.333,0.856176,3119,Aqueous,0.518034,4.71096e-007,5.45656,10.9131,0.819939,15.0267,0.150267,178.411,1.0001,1.18241,14987.9,5896.77,0.000598306,100%,5,5,0,92872.5,3,2,,,,,1,4.23322e-007,6.07235,12.1447,2.0293,33.4187,0.111681,229.128,95.4629,99.9911
85,27.5C,OK,2018-08-09,14:12:28,143265000,27.504,0.0408,474218,3290,100,0,474218,3290,51,0.25,1.00085,0.883656,0.215261,0.215078,N,6,Default,Globular Proteins,1.02,0.185,0,Sphere,10 ul,JoshBuffer_wDTT,1.333,0.856176,3119,Aqueous,0.518034,4.71096e-007,5.45656,10.9131,0.819939,15.0267,0.150267,178.411,1.0001,1.18241,14987.9,5896.77,0.000598306,100%,5,5,0,92872.5,3,2,,,,,2,3.31282e-008,77.5943,155.189,15.0723,19.4245,0.0377309,88920.6,4.53713,0.00892368
86,27.7C,OK,2018-08-09,14:13:08,143265000,27.676,0.0411,483916,4440,100,0,483916,4440,51,0.25,1.00085,0.883599,0.218049,0.217864,N,6,Default,Globular Proteins,1.02,0.185,0,Sphere,10 ul,JoshBuffer_wDTT,1.333,0.85293,3119,Aqueous,0.502122,4.65243e-007,5.55334,11.1067,0.775318,13.9613,0.139613,185.903,0.999976,1.30542,14831,5556.4,0.000633395,100%,5,5,0,94153.1,2,1,,,,,1,3.83617e-007,6.73498,13.47,2.67677,39.7443,0.157961,291.958,100,100
87,27.8C,OK,2018-08-09,14:13:48,143265000,27.844,0.0397,492997,8200,100,0,492997,8200,51,0.25,1.00086,0.88353,0.218631,0.218443,N,6,Default,Globular Proteins,1.02,0.185,0,Sphere,10 ul,JoshBuffer_wDTT,1.333,0.84978,3119,Aqueous,0.515848,4.60296e-007,5.62728,11.2546,0.888017,15.7806,0.157806,191.747,1.00003,0.997892,14618.2,5954.47,0.000572079,100%,5,5,0,94433.2,2,1,,,,,1,3.73536e-007,6.93432,13.8686,2.94186,42.4247,0.179985,312.579,100,100
88,28.0C,OK,2018-08-09,14:14:27,143265000,28.0079,0.0387,488907,2440,100,0,488907,2440,51,0.25,1.00085,0.8831,0.220476,0.220288,N,6,Default,Globular Proteins,1.02,0.185,0,Sphere,10 ul,JoshBuffer_wDTT,1.333,0.846726,3119,Aqueous,0.509639,4.66053e-007,5.58597,11.1719,0.831196,14.8801,0.148801,188.469,1.00014,1.15198,14832,5796.3,0.000612471,100%,5,5,0,95159.4,3,2,,,,,1,4.50284e-007,5.78159,11.5632,1.62381,28.0858,0.0788812,204.276,90.2225,99.8079
88,28.0C,OK,2018-08-09,14:14:27,143265000,28.0079,0.0387,488907,2440,100,0,488907,2440,51,0.25,1.00085,0.8831,0.220476,0.220288,N,6,Default,Globular Proteins,1.02,0.185,0,Sphere,10 ul,JoshBuffer_wDTT,1.333,0.846726,3119,Aqueous,0.509639,4.66053e-007,5.58597,11.1719,0.831196,14.8801,0.148801,188.469,1.00014,1.15198,14832,5796.3,0.000612471,100%,5,5,0,95159.4,3,2,,,,,2,1.21436e-007,21.438,42.8761,3.81671,17.8034,0.0316962,4384.15,9.77752,0.192108
89,28.2C,OK,2018-08-09,14:15:07,143265000,28.1685,0.0383,522358,17300,100,0,522358,17300,51,0.25,1.00085,0.883279,0.226062,0.225871,N,6,Default,Globular Proteins,1.02,0.185,0,Sphere,10 ul,JoshBuffer_wDTT,1.333,0.843751,3119,Aqueous,0.499832,4.51061e-007,5.80082,11.6016,1.26391,21.7885,0.217885,205.869,1.00052,1.38822,13743.4,7829.04,0.000574232,100%,5,5,0,97814.6,4,2,,,,,1,4.41877e-007,5.92139,11.8428,1.77065,29.9026,0.0894168,216.02,90.1752,99.9453
89,28.2C,OK,2018-08-09,14:15:07,143265000,28.1685,0.0383,522358,17300,100,0,522358,17300,51,0.25,1.00085,0.883279,0.226062,0.225871,N,6,Default,Globular Proteins,1.02,0.185,0,Sphere,10 ul,JoshBuffer_wDTT,1.333,0.843751,3119,Aqueous,0.499832,4.51061e-007,5.80082,11.6016,1.26391,21.7885,0.217885,205.869,1.00052,1.38822,13743.4,7829.04,0.000574232,100%,5,5,0,97814.6,4,2,,,,,2,7.37593e-008,35.4738,70.9476,7.20756,20.318,0.041282,14244.7,9.82479,0.0547328
90,28.3C,OK,2018-08-09,14:15:47,143265000,28.3332,0.0404,515837,9330,100,0,515837,9330,51,0.25,1.00085,0.883316,0.225021,0.224829,N,6,Default,Globular Proteins,1.02,0.185,0,Sphere,10 ul,JoshBuffer_wDTT,1.333,0.84072,3119,Aqueous,0.487867,4.59383e-007,5.7101,11.4202,0.976519,17.1016,0.171016,198.414,1.00016,0.782905,14529.2,6296.9,0.0004982,100%,5,5,0,97355,5,2,,,,,1,3.97438e-007,6.60007,13.2001,2.57473,39.0107,0.152183,278.457,97.6563,99.9816
90,28.3C,OK,2018-08-09,14:15:47,143265000,28.3332,0.0404,515837,9330,100,0,515837,9330,51,0.25,1.00085,0.883316,0.225021,0.224829,N,6,Default,Globular Proteins,1.02,0.185,0,Sphere,10 ul,JoshBuffer_wDTT,1.333,0.84072,3119,Aqueous,0.487867,4.59383e-007,5.7101,11.4202,0.976519,17.1016,0.171016,198.414,1.00016,0.782905,14529.2,6296.9,0.0004982,100%,5,5,0,97355,5,2,,,,,2,2.29742e-008,114.177,228.353,28.8735,25.2884,0.0639505,219532,2.34367,0.0183809
91,28.5C,OK,2018-08-09,14:16:27,143265000,28.5027,0.0399,505124,4780,100,0,505124,4780,51,0.25,1.00085,0.883058,0.227701,0.227508,N,6,Default,Globular Proteins,1.02,0.185,0,Sphere,10 ul,JoshBuffer_wDTT,1.333,0.837619,3119,Aqueous,0.495559,4.65489e-007,5.66357,11.3271,0.895318,15.8084,0.158084,194.652,0.999941,1.25322,14782.1,6028.97,0.000600517,100%,5,5,0,98444.5,3,1,,,,,1,3.8026e-007,6.93297,13.8659,2.8339,40.8756,0.167082,312.437,100,100
92,28.7C,OK,2018-08-09,14:17:07,143265000,28.6676,0.0391,517648,3970,100,0,517648,3970,51,0.25,1.00085,0.883005,0.229125,0.22893,N,6,Default,Globular Proteins,1.02,0.185,0,Sphere,10 ul,JoshBuffer_wDTT,1.333,0.834622,3119,Aqueous,0.489615,4.63013e-007,5.72246,11.4449,1.05008,18.3501,0.183501,199.421,1.00041,0.892311,14564.4,6712.71,0.000515712,100%,5,5,0,99177.3,4,2,,,,,1,4.1869e-007,6.32824,12.6565,2.26406,35.777,0.128,252.36,96.4082,99.9839
92,28.7C,OK,2018-08-09,14:17:07,143265000,28.6676,0.0391,517648,3970,100,0,517648,3970,51,0.25,1.00085,0.883005,0.229125,0.22893,N,6,Default,Globular Proteins,1.02,0.185,0,Sphere,10 ul,JoshBuffer_wDTT,1.333,0.834622,3119,Aqueous,0.489615,4.63013e-007,5.72246,11.4449,1.05008,18.3501,0.183501,199.421,1.00041,0.892311,14564.4,6712.71,0.000515712,100%,5,5,0,99177.3,4,2,,,,,2,7.08177e-008,37.414,74.828,7.06935,18.8949,0.0357019,16134.8,3.59182,0.0161352
93,28.8C,OK,2018-08-09,14:17:47,143265000,28.8336,0.0401,519719,7210,100,0,519719,7210,51,0.25,1.00085,0.882689,0.230616,0.230419,N,6,Default,Globular Proteins,1.02,0.185,0,Sphere,10 ul,JoshBuffer_wDTT,1.333,0.831624,3119,Aqueous,0.490993,4.58216e-007,5.79684,11.5937,0.928054,16.0097,0.160097,205.539,1.00014,0.92044,14543.2,5987.14,0.000517027,100%,5,5,0,99912.7,2,1,,,,,1,3.78819e-007,7.01181,14.0236,3.12255,44.5327,0.198316,320.813,100,100
94,29.0C,OK,2018-08-09,14:18:27,143265000,29.0021,0.0403,522053,6930,100,0,522053,6930,51,0.25,1.00085,0.883028,0.233832,0.233633,N,6,Default,Globular Proteins,1.02,0.185,0,Sphere,10 ul,JoshBuffer_wDTT,1.333,0.828599,3119,Aqueous,0.492313,4.57214e-007,5.83859,11.6772,0.942851,16.1486,0.161486,209.019,1.00005,0.703925,14505.7,6010.41,0.000473532,100%,5,5,0,101282,2,1,,,,,1,3.73735e-007,7.14273,14.2855,3.01429,42.2008,0.178091,335.005,100,100
95,29.2C,OK,2018-08-09,14:19:07,143265000,29.1713,0.0404,532518,6360,100,0,532518,6360,51,0.25,1.00085,0.88291,0.23658,0.236378,N,6,Default,Globular Proteins,1.02,0.185,0,Sphere,10 ul,JoshBuffer_wDTT,1.333,0.82558,3119,Aqueous,0.482177,4.55989e-007,5.88347,11.7669,0.92986,15.8046,0.158046,212.798,1.00005,0.602728,14480.5,5904.96,0.00043605,100%,5,5,0,102561,3,2,,,,,1,4.12693e-007,6.50072,13.0014,2.24181,34.4855,0.118925,268.748,93.7536,99.9635
95,29.2C,OK,2018-08-09,14:19:07,143265000,29.1713,0.0404,532518,6360,100,0,532518,6360,51,0.25,1.00085,0.88291,0.23658,0.236378,N,6,Default,Globular Proteins,1.02,0.185,0,Sphere,10 ul,JoshBuffer_wDTT,1.333,0.82558,3119,Aqueous,0.482177,4.55989e-007,5.88347,11.7669,0.92986,15.8046,0.158046,212.798,1.00005,0.602728,14480.5,5904.96,0.00043605,100%,5,5,0,102561,3,2,,,,,2,7.53744e-008,35.593,71.186,7.04909,19.8047,0.0392226,14356.9,6.24637,0.036498
96,29.3C,OK,2018-08-09,14:19:47,143265000,29.3393,0.0397,553273,4260,100,0,553273,4260,51,0.25,1.00085,0.883048,0.242998,0.242791,N,6,Default,Globular Proteins,1.02,0.185,0,Sphere,10 ul,JoshBuffer_wDTT,1.333,0.822602,3119,Aqueous,0.472411,4.49911e-007,5.97777,11.9555,1.04886,17.546,0.17546,220.864,0.99999,0.991704,14205,6289.99,0.000540962,100%,5,5,0,105483,3,2,,,,,1,4.37777e-007,6.14347,12.2869,2.05673,33.4783,0.11208,235.455,84.0588,99.5163
96,29.3C,OK,2018-08-09,14:19:47,143265000,29.3393,0.0397,553273,4260,100,0,553273,4260,51,0.25,1.00085,0.883048,0.242998,0.242791,N,6,Default,Globular Proteins,1.02,0.185,0,Sphere,10 ul,JoshBuffer_wDTT,1.333,0.822602,3119,Aqueous,0.472411,4.49911e-007,5.97777,11.9555,1.04886,17.546,0.17546,220.864,0.99999,0.991704,14205,6289.99,0.000540962,100%,5,5,0,105483,3,2,,,,,2,1.39677e-007,19.2549,38.5097,3.50641,18.2105,0.0331623,3409.93,15.9412,0.483657
97,29.5C,OK,2018-08-09,14:20:27,143265000,29.5045,0.0396,558475,3320,100,0,558475,3320,51,0.25,1.00086,0.883135,0.248591,0.248378,N,6,Default,Globular Proteins,1.02,0.185,0,Sphere,10 ul,JoshBuffer_wDTT,1.333,0.819692,3119,Aqueous,0.473787,4.50785e-007,5.99581,11.9916,1.07231,17.8842,0.178842,222.427,1.00012,0.848923,14211.7,6398.53,0.000507373,100%,5,5,0,107943,3,2,,,,,1,3.95181e-007,6.83946,13.6789,2.44708,35.7789,0.128013,302.665,95.8573,99.9512
97,29.5C,OK,2018-08-09,14:20:27,143265000,29.5045,0.0396,558475,3320,100,0,558475,3320,51,0.25,1.00086,0.883135,0.248591,0.248378,N,6,Default,Globular Proteins,1.02,0.185,0,Sphere,10 ul,JoshBuffer_wDTT,1.333,0.819692,3119,Aqueous,0.473787,4.50785e-007,5.99581,11.9916,1.07231,17.8842,0.178842,222.427,1.00012,0.848923,14211.7,6398.53,0.000507373,100%,5,5,0,107943,3,2,,,,,2,1.44538e-008,186.997,373.994,37.3516,19.9744,0.0398978,696335,4.1427,0.048817
98,29.7C,OK,2018-08-09,14:21:08,143265000,29.6727,0.0407,564210,12600,100,0,564210,12600,51,0.25,1.00086,0.882802,0.249287,0.249074,N,6,Default,Globular Proteins,1.02,0.185,0,Sphere,10 ul,JoshBuffer_wDTT,1.333,0.816747,3119,Aqueous,0.486842,4.41836e-007,6.14755,12.2951,1.17216,19.0671,0.190671,235.822,1.00018,0.893158,13841.6,6623.39,0.000494512,100%,5,5,0,108229,3,1,,,,,1,3.5308e-007,7.69291,15.3858,3.67393,47.7573,0.228076,398.523,100,100
99,29.8C,OK,2018-08-09,14:21:48,143265000,29.844,0.0411,581540,4750,100,0,581540,4750,51,0.25,1.00086,0.882641,0.253306,0.25309,N,6,Default,Globular Proteins,1.02,0.185,0,Sphere,10 ul,JoshBuffer_wDTT,1.333,0.813767,3119,Aqueous,0.475457,4.33137e-007,6.2865,12.573,1.17608,18.7081,0.187081,248.482,1.0001,0.592892,13598.2,6384.3,0.000431862,100%,5,5,0,110155,3,1,,,,,1,3.25358e-007,8.36897,16.7379,5.31427,63.4998,0.403222,485.34,100,100
100,30.0C,OK,2018-08-09,14:22:28,143266000,30.017,0.0403,583536,5740,100,0,583536,5740,51,0.25,1.00085,0.882589,0.259037,0.258816,N,6,Default,Globular Proteins,1.02,0.185,0,Sphere,10 ul,JoshBuffer_wDTT,1.333,0.810776,3119,Aqueous,0.486399,4.2982e-007,6.36624,12.7325,1.14826,18.0367,0.180367,255.92,1.00006,1.05296,13541.2,6143.13,0.000499329,100%,5,5,0,112805,2,1,,,,,1,3.16313e-007,8.65073,17.3015,6.16123,71.222,0.507257,524.439,100,100
101,30.2C,OK,2018-08-09,14:23:09,143266000,30.183,0.0387,590917,10500,100,0,590917,10500,51,0.25,1.00086,0.882716,0.266389,0.26616,N,6,Default,Globular Proteins,1.02,0.185,0,Sphere,10 ul,JoshBuffer_wDTT,1.333,0.807924,3119,Aqueous,0.49702,4.26638e-007,6.44527,12.8905,1.24184,19.2675,0.192675,263.415,0.999923,0.933998,13348.1,6457.06,0.000515862,100%,5,5,0,116091,2,1,,,,,1,3.15683e-007,8.71062,17.4212,4.68081,53.7368,0.288765,532.973,100,100
102,30.3C,OK,2018-08-09,14:23:49,143266000,30.3454,0.0384,615606,5960,100,0,615606,5960,51,0.25,1.00085,0.882261,0.27669,0.276455,N,6,Default,Globular Proteins,1.02,0.185,0,Sphere,10 ul,JoshBuffer_wDTT,1.333,0.80515,3119,Aqueous,0.490361,4.19382e-007,6.57285,13.1457,1.31099,19.9456,0.199456,275.778,0.999832,0.716663,13055.3,6562.58,0.000452355,100%,5,5,0,120932,2,1,,,,,1,3.18353e-007,8.65875,17.3175,3.96222,45.7597,0.209395,525.576,100,100
103,30.5C,OK,2018-08-09,14:24:29,143266000,30.512,0.0397,631800,7720,100,0,631800,7720,51,0.25,1.00084,0.88194,0.286493,0.286252,N,6,Default,Globular Proteins,1.02,0.185,0,Sphere,10 ul,JoshBuffer_wDTT,1.333,0.802322,3119,Aqueous,0.495151,4.17431e-007,6.6359,13.2718,1.39788,21.0655,0.210655,282.007,1.00002,1.03165,12850,6934.96,0.000503694,100%,5,5,0,125311,3,2,,,,,1,3.24984e-007,8.5236,17.0472,4.1632,48.8432,0.238566,506.583,97.4915,99.8458
103,30.5C,OK,2018-08-09,14:24:29,143266000,30.512,0.0397,631800,7720,100,0,631800,7720,51,0.25,1.00084,0.88194,0.286493,0.286252,N,6,Default,Globular Proteins,1.02,0.185,0,Sphere,10 ul,JoshBuffer_wDTT,1.333,0.802322,3119,Aqueous,0.495151,4.17431e-007,6.6359,13.2718,1.39788,21.0655,0.210655,282.007,1.00002,1.03165,12850,6934.96,0.000503694,100%,5,5,0,125311,3,2,,,,,2,3.00969e-009,920.372,1840.74,206.398,22.4255,0.0502904,28990800,2.50847,0.154174
104,30.7C,OK,2018-08-09,14:25:10,143266000,30.6808,0.0404,645818,4540,100,0,645818,4540,51,0.25,1.00085,0.880671,0.300685,0.30043,N,6,Default,Globular Proteins,1.02,0.185,0,Sphere,10 ul,JoshBuffer_wDTT,1.333,0.799475,3119,Aqueous,0.498612,4.02029e-007,6.92379,13.8476,1.45321,20.9887,0.209887,311.469,1.00052,1.00256,12387.2,6650.01,0.000492571,100%,5,5,0,131901,4,2,,,,,1,2.73e-006,1.01962,2.03924,0.10078,9.8841,0.00976955,3.52308,0.251946,35.0986
104,30.7C,OK,2018-08-09,14:25:10,143266000,30.6808,0.0404,645818,4540,100,0,645818,4540,51,0.25,1.00085,0.880671,0.300685,0.30043,N,6,Default,Globular Proteins,1.02,0.185,0,Sphere,10 ul,JoshBuffer_wDTT,1.333,0.799475,3119,Aqueous,0.498612,4.02029e-007,6.92379,13.8476,1.45321,20.9887,0.209887,311.469,1.00052,1.00256,12387.2,6650.01,0.000492571,100%,5,5,0,131901,4,2,,,,,2,3.39502e-007,8.19894,16.3979,3.26886,39.8693,0.158956,462.583,99.7481,64.9014
105,30.8C,OK,2018-08-09,14:25:50,143266000,30.8498,0.0404,687299,16900,100,0,687299,16900,51,0.25,1.00085,0.879922,0.328242,0.327964,N,6,Default,Globular Proteins,1.02,0.185,0,Sphere,10 ul,JoshBuffer_wDTT,1.333,0.796641,3119,Aqueous,0.492552,3.94555e-007,7.0721,14.1442,1.65887,23.4566,0.234566,327.305,1.00119,1.12258,11419,7928.87,0.000484483,100%,5,5,0,144404,4,2,,,,,1,3.06551e-007,9.10233,18.2047,5.26328,57.8234,0.334354,590.751,99.9005,99.9904
105,30.8C,OK,2018-08-09,14:25:50,143266000,30.8498,0.0404,687299,16900,100,0,687299,16900,51,0.25,1.00085,0.879922,0.328242,0.327964,N,6,Default,Globular Proteins,1.02,0.185,0,Sphere,10 ul,JoshBuffer_wDTT,1.333,0.796641,3119,Aqueous,0.492552,3.94555e-007,7.0721,14.1442,1.65887,23.4566,0.234566,327.305,1.00119,1.12258,11419,7928.87,0.000484483,100%,5,5,0,144404,4,2,,,,,2,2.15648e-009,1293.93,2587.86,71.3286,5.51256,0.00303883,64332100,0.0994733,0.00958628
106,31.0C,OK,2018-08-09,14:26:31,143266000,31.0198,0.04,750041,24700,100,0,750041,24700,51,0.25,1.00085,0.876142,0.390268,0.389935,N,6,Default,Globular Proteins,1.02,0.185,0,Sphere,10 ul,JoshBuffer_wDTT,1.333,0.793808,3119,Aqueous,0.494323,3.64117e-007,7.70056,15.4011,1.83633,23.8467,0.238467,399.451,1.00231,2.06212,9427.76,8679.89,0.000467375,80%,5,4,1,172753,3,1,,,,,1,2.84339e-007,9.86113,19.7223,5.37578,54.5148,0.297187,712.472,100,100
107,31.2C,OK,2018-08-09,14:27:11,143266000,31.1888,0.0403,994932,128000,100,0,994932,128000,51,0.25,1.00085,0.868914,0.521549,0.521105,N,6,Default,Globular Proteins,1.02,0.185,0,Sphere,10 ul,JoshBuffer_wDTT,1.333,0.791009,3119,Aqueous,0.478836,2.6808e-007,10.5099,21.0198,Multimodal,Multimodal,Multimodal,827.022,1.0047,28.5046,0.000113219,10756.2,0.000533552,60%,5,3,2,233620,3,1,,,,,1,1.42656e-007,19.7504,39.5007,17.8157,90.2044,0.813684,3618.8,100,100
108,31.4C,OK,2018-08-09,14:27:52,143266000,31.3579,0.0392,2301250,597000,100,0,2301250,597000,51,0.25,1.00085,0.858407,1.16948,1.16848,N,6,Default,Globular Proteins,1.02,0.185,0,Sphere,10 ul,JoshBuffer_wDTT,1.333,0.788226,3119,Aqueous,0.438611,6.58235e-008,43.0109,86.0218,Multimodal,Multimodal,Multimodal,22357.6,1.00452,269.897,0.000377369,2641.04,0.00116457,40%,5,2,3,515333,4,2,,,,,1,3.08711e-007,9.17079,18.3416,4.91467,53.5905,0.287194,601.199,18.1561,97.4912
108,31.4C,OK,2018-08-09,14:27:52,143266000,31.3579,0.0392,2301250,597000,100,0,2301250,597000,51,0.25,1.00085,0.858407,1.16948,1.16848,N,6,Default,Globular Proteins,1.02,0.185,0,Sphere,10 ul,JoshBuffer_wDTT,1.333,0.788226,3119,Aqueous,0.438611,6.58235e-008,43.0109,86.0218,Multimodal,Multimodal,Multimodal,22357.6,1.00452,269.897,0.000377369,2641.04,0.00116457,40%,5,2,3,515333,4,2,,,,,2,2.99364e-008,94.5715,189.143,42.8118,45.2693,0.204931,141274,81.8439,2.5088
109,31.6C,OK,2018-08-09,14:28:33,143266000,31.5687,0.04,2760610,489000,100,73.529,10429000,1850000,51,0.25,1.00069,0.837947,4.98296,4.97929,N,6,Default,Globular Proteins,1.02,0.185,0,Sphere,10 ul,JoshBuffer_wDTT,1.333,0.78478,3119,Aqueous,0.537657,2.91505e-008,97.5897,195.179,23.1654,23.7376,0.237376,152050,0.999844,72.2809,643.256,796.195,0.00139811,100%,5,5,0,R too large,4,2,,,,,1,4.24655e-007,6.69904,13.3981,0.851247,12.707,0.0161468,288.325,4.09422,74.2403
109,31.6C,OK,2018-08-09,14:28:33,143266000,31.5687,0.04,2760610,489000,100,73.529,10429000,1850000,51,0.25,1.00069,0.837947,4.98296,4.97929,N,6,Default,Globular Proteins,1.02,0.185,0,Sphere,10 ul,JoshBuffer_wDTT,1.333,0.78478,3119,Aqueous,0.537657,2.91505e-008,97.5897,195.179,23.1654,23.7376,0.237376,152050,0.999844,72.2809,643.256,796.195,0.00139811,100%,5,5,0,R too large,4,2,,,,,2,2.44728e-008,116.242,232.485,11.0274,9.48658,0.00899952,228939,95.9058,25.7597
110,31.8C,OK,2018-08-09,14:29:23,143266000,31.7841,0.0838,2408590,1170000,Multiple,Multiple,21647700,7940000,51,0.25,0.871548,0.702372,9.18632,10.7512,N,6,Default,Globular Proteins,1.02,0.185,0,Sphere,10 ul,JoshBuffer_wDTT,1.333,0.781285,3119,Aqueous,0.558009,2.03162e-008,140.699,281.398,33.5896,23.8734,0.238734,357890,0.998737,32.6092,551.13,456.711,0.0014901,100%,5,5,0,R too large,4,3,,,,,1,3.53139e-006,0.809445,1.61889,0.149712,18.4957,0.034209,2.05284,0.0662772,93.1731
110,31.8C,OK,2018-08-09,14:29:23,143266000,31.7841,0.0838,2408590,1170000,Multiple,Multiple,21647700,7940000,51,0.25,0.871548,0.702372,9.18632,10.7512,N,6,Default,Globular Proteins,1.02,0.185,0,Sphere,10 ul,JoshBuffer_wDTT,1.333,0.781285,3119,Aqueous,0.558009,2.03162e-008,140.699,281.398,33.5896,23.8734,0.238734,357890,0.998737,32.6092,551.13,456.711,0.0014901,100%,5,5,0,R too large,4,3,,,,,2,3.15023e-007,9.07382,18.1476,2.24574,24.7496,0.0612543,586.43,2.13078,2.60163
110,31.8C,OK,2018-08-09,14:29:23,143266000,31.7841,0.0838,2408590,1170000,Multiple,Multiple,21647700,7940000,51,0.25,0.871548,0.702372,9.18632,10.7512,N,6,Default,Globular Proteins,1.02,0.185,0,Sphere,10 ul,JoshBuffer_wDTT,1.333,0.781285,3119,Aqueous,0.558009,2.03162e-008,140.699,281.398,33.5896,23.8734,0.238734,357890,0.998737,32.6092,551.13,456.711,0.0014901,100%,5,5,0,R too large,4,3,,,,,3,1.47951e-008,193.204,386.408,85.1761,44.086,0.194358,751623,97.8029,4.22526
111,32.1C,OK,2018-08-09,14:30:26,143266000,32.0535,0.0395,1907230,106000,64.879,89.394,27717200,1540000,51,0.25,0.649362,0.483887,9.24469,14.2366,N,6,Default,Globular Proteins,1.02,0.185,0,Sphere,10 ul,JoshBuffer_wDTT,1.333,0.776953,3119,Aqueous,0.586843,1.59613e-008,180.377,360.753,39.314,21.7955,0.217955,640014,1.0002,34.394,486.27,277.165,0.00187357,60%,5,3,2,R too large,4,2,,,,,1,3.27557e-007,8.78944,17.5789,1.15434,13.1333,0.0172483,544.325,1.83688,32.5848
111,32.1C,OK,2018-08-09,14:30:26,143266000,32.0535,0.0395,1907230,106000,64.879,89.394,27717200,1540000,51,0.25,0.649362,0.483887,9.24469,14.2366,N,6,Default,Globular Proteins,1.02,0.185,0,Sphere,10 ul,JoshBuffer_wDTT,1.333,0.776953,3119,Aqueous,0.586843,1.59613e-008,180.377,360.753,39.314,21.7955,0.217955,640014,1.0002,34.394,486.27,277.165,0.00187357,60%,5,3,2,R too large,4,2,,,,,2,1.43052e-008,201.259,402.517,43.4255,21.5769,0.0465565,826996,98.1631,67.4152
112,32.2C,OK,2018-08-09,14:31:19,143266000,32.2216,0.0396,1877190,48100,64.879,89.394,27280600,699000,51,0.25,0.649537,0.457061,9.26801,14.2686,N,6,Default,Globular Proteins,1.02,0.185,0,Sphere,10 ul,JoshBuffer_wDTT,1.333,0.77427,3119,Aqueous,0.580728,1.35936e-008,212.3,424.6,43.3885,20.4374,0.204374,937078,0.999839,41.2057,421.318,218.187,0.0019916,80%,5,4,1,R too large,4,2,,,,,1,3.13795e-007,9.19683,18.3937,1.02776,11.1752,0.0124885,605.201,1.87447,27.861
112,32.2C,OK,2018-08-09,14:31:19,143266000,32.2216,0.0396,1877190,48100,64.879,89.394,27280600,699000,51,0.25,0.649537,0.457061,9.26801,14.2686,N,6,Default,Globular Proteins,1.02,0.185,0,Sphere,10 ul,JoshBuffer_wDTT,1.333,0.77427,3119,Aqueous,0.580728,1.35936e-008,212.3,424.6,43.3885,20.4374,0.204374,937078,0.999839,41.2057,421.318,218.187,0.0019916,80%,5,4,1,R too large,4,2,,,,,2,1.24162e-008,232.433,464.865,36.4051,15.6626,0.0245319,1158350,98.1255,72.139
113,32.4C,OK,2018-08-09,14:32:00,143266000,32.3911,0.0395,1738330,113000,64.879,89.394,25262600,1640000,51,0.25,0.649531,0.428212,8.87797,13.6683,N,6,Default,Globular Proteins,1.02,0.185,0,Sphere,10 ul,JoshBuffer_wDTT,1.333,0.771582,3119,Aqueous,0.556958,1.29261e-008,224.327,448.655,53.5605,23.8761,0.238761,1066040,1.00003,53.6012,349.546,291.873,0.0021391,100%,5,5,0,R too large,4,2,,,,,1,2.47961e-007,11.6941,23.3883,1.51513,12.9563,0.0167866,1061.72,2.63847,18.2281
113,32.4C,OK,2018-08-09,14:32:00,143266000,32.3911,0.0395,1738330,113000,64.879,89.394,25262600,1640000,51,0.25,0.649531,0.428212,8.87797,13.6683,N,6,Default,Globular Proteins,1.02,0.185,0,Sphere,10 ul,JoshBuffer_wDTT,1.333,0.771582,3119,Aqueous,0.556958,1.29261e-008,224.327,448.655,53.5605,23.8761,0.238761,1066040,1.00003,53.6012,349.546,291.873,0.0021391,100%,5,5,0,R too large,4,2,,,,,2,1.13945e-008,254.481,508.963,58.8679,23.1325,0.0535113,1431960,97.3615,81.7719
114,32.6C,OK,2018-08-09,14:32:41,143266000,32.5607,0.0393,1786670,237000,64.879,89.394,25965100,3440000,51,0.25,0.64953,0.396869,8.72907,13.4391,N,6,Default,Globular Proteins,1.02,0.185,0,Sphere,10 ul,JoshBuffer_wDTT,1.333,0.768908,3119,Aqueous,0.577754,1.12968e-008,257.903,515.806,61.765,23.9489,0.239489,1477420,1.0008,65.8431,232.442,321.688,0.00263199,60%,5,3,2,R too large,4,2,,,,,1,3.0727e-007,9.48183,18.9637,0.902911,9.52255,0.00906789,649.996,2.38001,22.9098
114,32.6C,OK,2018-08-09,14:32:41,143266000,32.5607,0.0393,1786670,237000,64.879,89.394,25965100,3440000,51,0.25,0.64953,0.396869,8.72907,13.4391,N,6,Default,Globular Proteins,1.02,0.185,0,Sphere,10 ul,JoshBuffer_wDTT,1.333,0.768908,3119,Aqueous,0.577754,1.12968e-008,257.903,515.806,61.765,23.9489,0.239489,1477420,1.0008,65.8431,232.442,321.688,0.00263199,60%,5,3,2,R too large,4,2,,,,,2,1.0082e-008,288.98,577.959,83.8435,29.0136,0.0841791,1928040,97.62,77.0902
115,32.7C,OK,2018-08-09,14:33:21,143266000,32.7307,0.0398,2008500,129000,64.879,89.394,29189000,1880000,51,0.25,0.649532,0.363243,8.53183,13.1354,N,6,Default,Globular Proteins,1.02,0.185,0,Sphere,10 ul,JoshBuffer_wDTT,1.333,0.766244,3119,Aqueous,0.553768,9.71548e-009,300.592,601.183,71.354,23.7379,0.237379,2114220,1.00062,88.7797,214.356,265.389,0.00316645,60%,5,3,2,R too large,4,2,,,,,1,3.11892e-007,9.36347,18.7269,1.00709,10.7556,0.0115682,631.171,2.48105,20.9336
115,32.7C,OK,2018-08-09,14:33:21,143266000,32.7307,0.0398,2008500,129000,64.879,89.394,29189000,1880000,51,0.25,0.649532,0.363243,8.53183,13.1354,N,6,Default,Globular Proteins,1.02,0.185,0,Sphere,10 ul,JoshBuffer_wDTT,1.333,0.766244,3119,Aqueous,0.553768,9.71548e-009,300.592,601.183,71.354,23.7379,0.237379,2114220,1.00062,88.7797,214.356,265.389,0.00316645,60%,5,3,2,R too large,4,2,,,,,2,8.14898e-009,358.375,716.751,126.125,35.1936,0.123859,3190210,97.5189,79.0664
116,32.9C,OK,2018-08-09,14:34:02,143266000,32.902,0.0396,2044250,126000,64.879,89.394,29708400,1830000,51,0.25,0.649533,0.328882,8.64472,13.3091,N,6,Default,Globular Proteins,1.02,0.185,0,Sphere,10 ul,JoshBuffer_wDTT,1.333,0.763576,3119,Aqueous,0.532663,9.4856e-009,309.336,618.671,73.8644,23.8784,0.238784,2260930,1.00092,98.4667,253.332,217.797,0.00277989,80%,5,4,1,R too large,4,2,,,,,1,2.84469e-007,10.3148,20.6295,0.976337,9.46544,0.00895946,791.535,2.93294,18.1415
116,32.9C,OK,2018-08-09,14:34:02,143266000,32.902,0.0396,2044250,126000,64.879,89.394,29708400,1830000,51,0.25,0.649533,0.328882,8.64472,13.3091,N,6,Default,Globular Proteins,1.02,0.185,0,Sphere,10 ul,JoshBuffer_wDTT,1.333,0.763576,3119,Aqueous,0.532663,9.4856e-009,309.336,618.671,73.8644,23.8784,0.238784,2260930,1.00092,98.4667,253.332,217.797,0.00277989,80%,5,4,1,R too large,4,2,,,,,2,8.93361e-009,328.449,656.897,32.7899,9.98325,0.00996654,2601410,97.0671,81.8585
117,33.1C,OK,2018-08-09,14:34:43,143266000,33.0721,0.0396,2034680,170000,64.879,89.394,29569400,2470000,51,0.25,0.649534,0.293049,9.02023,13.8873,N,6,Default,Globular Proteins,1.02,0.185,0,Sphere,10 ul,JoshBuffer_wDTT,1.333,0.760943,3119,Aqueous,0.5425,9.35014e-009,315.3,630.6,107.361,34.0505,0.340505,2364250,0.998457,92.9389,88.8144,331.303,0.00273147,60%,5,3,2,R too large,4,3,,,,,1,2.26477e-007,13.0172,26.0345,0.650052,4.99378,0.00249379,1364.36,2.98511,7.08427
117,33.1C,OK,2018-08-09,14:34:43,143266000,33.0721,0.0396,2034680,170000,64.879,89.394,29569400,2470000,51,0.25,0.649534,0.293049,9.02023,13.8873,N,6,Default,Globular Proteins,1.02,0.185,0,Sphere,10 ul,JoshBuffer_wDTT,1.333,0.760943,3119,Aqueous,0.5425,9.35014e-009,315.3,630.6,107.361,34.0505,0.340505,2364250,0.998457,92.9389,88.8144,331.303,0.00273147,60%,5,3,2,R too large,4,3,,,,,2,8.04882e-009,366.277,732.554,151.348,41.3207,0.17074,3357230,80.4396,50.3582
117,33.1C,OK,2018-08-09,14:34:43,143266000,33.0721,0.0396,2034680,170000,64.879,89.394,29569400,2470000,51,0.25,0.649534,0.293049,9.02023,13.8873,N,6,Default,Globular Proteins,1.02,0.185,0,Sphere,10 ul,JoshBuffer_wDTT,1.333,0.760943,3119,Aqueous,0.5425,9.35014e-009,315.3,630.6,107.361,34.0505,0.340505,2364250,0.998457,92.9389,88.8144,331.303,0.00273147,60%,5,3,2,R too large,4,3,,,,,3,1.98074e-009,1488.38,2976.76,384.509,25.8341,0.0667399,89267700,16.5753,42.5575
118,33.2C,OK,2018-08-09,14:35:24,143266000,33.2439,0.0404,1877590,38800,64.879,89.394,27286500,563000,51,0.25,0.649531,0.25859,9.49085,14.6118,N,6,Default,Globular Proteins,1.02,0.185,0,Sphere,10 ul,JoshBuffer_wDTT,1.333,0.758299,3119,Aqueous,0.54147,9.46409e-009,312.238,624.475,Multimodal,Multimodal,Multimodal,2310870,0.999269,141.512,0.000174519,379.728,0.00269135,80%,5,4,1,R too large,5,2,,,,,1,1.5371e-007,19.2248,38.4496,2.58968,13.4705,0.0181455,3397.49,5.41311,6.08246
118,33.2C,OK,2018-08-09,14:35:24,143266000,33.2439,0.0404,1877590,38800,64.879,89.394,27286500,563000,51,0.25,0.649531,0.25859,9.49085,14.6118,N,6,Default,Globular Proteins,1.02,0.185,0,Sphere,10 ul,JoshBuffer_wDTT,1.333,0.758299,3119,Aqueous,0.54147,9.46409e-009,312.238,624.475,Multimodal,Multimodal,Multimodal,2310870,0.999269,141.512,0.000174519,379.728,0.00269135,80%,5,4,1,R too large,5,2,,,,,2,7.11669e-009,415.227,830.455,113.477,27.3288,0.0746862,4502400,94.5869,93.9175
119,33.5C,OK,2018-08-09,14:36:05,143266000,33.5345,0.0811,1544710,68100,Multiple,Multiple,42343700,3430000,51,0.25,0.560921,0.177,9.5371,17.0252,N,6,Default,Globular Proteins,1.02,0.185,0,Sphere,10 ul,JoshBuffer_wDTT,1.333,0.753863,3119,Aqueous,0.522222,7.95472e-009,374.108,748.215,Multimodal,Multimodal,Multimodal,3527570,0.997671,123.985,0.00369257,319.166,0.0042833,20%,5,1,4,R too large,2,2,,,,,1,1.27142e-007,23.4063,46.8127,4.58435,19.5859,0.0383608,5384.49,4.22773,2.29076
119,33.5C,OK,2018-08-09,14:36:05,143266000,33.5345,0.0811,1544710,68100,Multiple,Multiple,42343700,3430000,51,0.25,0.560921,0.177,9.5371,17.0252,N,6,Default,Globular Proteins,1.02,0.185,0,Sphere,10 ul,JoshBuffer_wDTT,1.333,0.753863,3119,Aqueous,0.522222,7.95472e-009,374.108,748.215,Multimodal,Multimodal,Multimodal,3527570,0.997671,123.985,0.00369257,319.166,0.0042833,20%,5,1,4,R too large,2,2,,,,,2,4.88974e-009,608.605,1217.21,325.947,53.5564,0.286829,11014600,95.7723,97.7092
120,33.9C,OK,2018-08-09,14:37:34,143266000,33.9467,0.0875,1696460,127000,Multiple,Multiple,31750200,2880000,51,0.25,0.427642,0.0907755,9.28567,21.7343,N,6,Default,Globular Proteins,1.02,0.185,0,Sphere,10 ul,JoshBuffer_wDTT,1.333,0.747648,3119,Aqueous,0,0.00156184,0.00192328,0.00384656,0,0,0,1.48724e-006,1,1e+007,1e+007,0,-1,0%,5,0,5,R too large,0,0,,,,
121,34.2C,OK,2018-08-09,14:39:05,143267000,34.22,0.0662,1646320,129000,40.831,86.556,29991000,2360000,51,0.25,0.409002,0.0640452,9.19807,22.489,N,6,Default,Globular Proteins,1.02,0.185,0,Sphere,10 ul,JoshBuffer_wDTT,1.333,0.743575,3119,Aqueous,0.516047,4.55554e-009,664,1328,98.3503,14.8118,0.148118,13504800,1.00168,90.464,144.999,56.4878,-1,40%,5,2,3,R too large,3,1,,,,,1,4.28642e-009,705.689,1411.38,219.895,31.1603,0.0970962,15572700,100,100
122,34.6C,OK,2018-08-09,14:40:31,143267000,34.5926,0.0666,1884290,123000,39.463,80.612,24626900,1600000,51,0.25,0.395321,0.0411075,8.32362,21.0554,N,6,Default,Globular Proteins,1.02,0.185,0,Sphere,10 ul,JoshBuffer_wDTT,1.333,0.738086,3119,Aqueous,0.432544,4.55801e-009,669.813,1339.63,159.897,23.8719,0.238719,13783000,1.00022,75.0942,123.822,102.261,-1,20%,5,1,4,R too large,3,1,,,,,1,3.00387e-009,1016.36,2032.72,868.089,85.4115,0.729513,36565300,100,100
123,35.3C (Incomplete),INCOMPLETE,2018-08-09,14:41:36,143267000,35.2775,0.0496,1600960,167000,42.504,79.086,18009700,1880000,51,0.25,0.425734,0.0200886,8.27305,19.4324,N,6,Default,Globular Proteins,1.02,0.185,0,Sphere,10 ul,JoshBuffer_wDTT,1.333,0.728176,3119,Aqueous,0,0.00156184,0.00198645,0.00397291,0,0,0,1.60407e-006,1,1e+007,1e+007,0,-1,0%,3,0,3,R too large,0,0,,,,
124,35.4C,OK,2018-08-09,14:44:12,143267000,35.4424,0.0395,1776320,403000,42.504,79.086,19982300,4530000,51,0.25,0.425734,0.0166976,7.92918,18.6247,N,6,Default,Globular Proteins,1.02,0.185,0,Sphere,10 ul,JoshBuffer_wDTT,1.333,0.725824,3119,Aqueous,0.395249,3.78678e-009,821.177,1642.35,Multimodal,Multimodal,Multimodal,22201300,1.00185,133.664,4.10675e-006,151.937,-1,20%,5,1,4,R too large,2,1,,,,,1,1.51301e-009,2055.26,4110.52,2703.6,131.545,1.73042,189943000,100,100
125,35.7C,OK,2018-08-09,14:44:53,143267000,35.7271,0.0471,1810040,78900,42.504,79.086,20361600,888000,51,0.25,0.425733,0.0140865,8.05179,18.9128,N,6,Default,Globular Proteins,1.02,0.185,0,Sphere,10 ul,JoshBuffer_wDTT,1.333,0.721795,3119,Aqueous,0.384583,4.35135e-009,719.538,1439.08,170.564,23.7046,0.237046,16297200,1.00241,50.4899,123.2,91.3427,-1,20%,5,1,4,R too large,2,1,,,,,1,3.60646e-009,868.154,1736.31,515.953,59.431,0.353205,25287600,100,100
126,35.9C,OK,2018-08-09,14:46:02,143267000,35.9122,0.0502,1757630,154000,42.504,79.086,19772200,1740000,51,0.25,0.425731,0.01208,8.4257,19.7911,N,6,Default,Globular Proteins,1.02,0.185,0,Sphere,10 ul,JoshBuffer_wDTT,1.333,0.719196,3119,Aqueous,0,0.00156184,0.0020138,0.0040276,0,0,0,1.65621e-006,1,1e+007,1e+007,0,-1,0%,5,0,5,R too large,0,0,,,,
127,Meas 132,OK,2018-08-09,14:46:54,143267000,36.1321,0.0399,1689800,199000,42.504,79.086,19009100,2230000,51,0.25,0.42573,0.00960413,7.8889,18.5303,N,6,Default,Globular Proteins,1.02,0.185,0,Sphere,10 ul,JoshBuffer_wDTT,1.333,0.71613,3119,Aqueous,0.338049,4.36685e-009,723.525,1447.05,204.837,28.311,0.28311,16509300,1.00122,36.2818,59.531,144.511,-1,40%,5,2,3,R too large,2,1,,,,,1,3.59156e-009,879.708,1759.42,578.521,65.7628,0.432475,26082100,100,100
